日期,品牌号,批次号,松散回潮皮带秤实时流量均值,松散回潮皮带秤SD,松散回潮皮带秤累计值,松散回潮出口水分均值,松散回潮出口水分SD,松散回潮出口温度均值,松散回潮出口温度SD,松散回潮出口温度CPK,松散回潮出口温度P,松散回潮回风温度均值,松散回潮回风温度SD,松散回潮回风温度CPK,松散回潮回风温度P值,松散回潮累计加水量,润叶加料皮带秤实时流量均值,润叶加料皮带秤SD,润叶加料皮带秤累计值,润叶加料入口水分均值,润叶加料入口水分SD,润叶加料入口水分CPK,润叶加料入口水分P,润叶加料出口水分均值,润叶加料出口水分SD,润叶加料出口水分CPK,润叶加料出口水分P,润叶加料出口温度均值,润叶加料出口温度SD,润叶加料出口温度CPK,润叶加料出口温度P,润叶加料料液流量实时流量均值,润叶加料料液流量流量SD,润叶加料料液流量累计加料量,润叶加料料液温度均值,润叶加料料液温度SD,润叶加料料液温度CPK,润叶加料料液温度P,润叶加料瞬时精度均值,润叶加料瞬时精度SD,润叶加料瞬时精度CPK,润叶加料瞬时精度P,润叶加料累计精度,润叶加料累计加水量,sirox增温增湿皮带秤实时流量均值,sirox增温增湿皮带秤SD,sirox增温增湿皮带秤累计值,sirox增温增湿sirox入口水分均值,sirox增温增湿sirox入口水分SD,sirox增温增湿sirox入口水分CPK,sirox增温增湿sirox入口水分P,sirox增温增湿sirox蒸汽薄膜阀开度均值,sirox增温增湿sirox蒸汽阀门开度SD,sirox增温增湿sirox蒸汽减压阀后压力均值,sirox增温增湿sirox蒸汽减压阀后压力SD,sirox增温增湿sirox出口温度均值,sirox增温增湿sirox出口温度SD,sirox增温增湿sirox出口温度CPK,sirox增温增湿sirox出口温度P,kld烘丝热风温度均值,kld烘丝热风温度SD,kld烘丝热风温度CPK,kld烘丝热风温度P,kld烘丝烘后水分均值,kld烘丝烘后水分SD,kld烘丝烘后水分CPK,kld烘丝烘后水分P,kld烘丝烘后温度均值,kld烘丝烘后温度SD,kld烘丝烘后温度CPK,kld烘丝烘后温度P,叶丝重量,储叶房温度,储叶房湿度,储丝房温度,储丝房湿度
2018-09-01,利群(新版)烟丝,106 ,3499.8068,3.8144,3995.0181,16.9411,0.9036,50.9213,0.4687,0.0560,0.5667,60.0668,0.2995,3.2648,1.0000,220.0000,4000.3930,3.7106,4662.9536,16.4858,0.1127,4.4766,1.0000,18.7090,0.0988,3.0671,1.0000,38.0699,0.1646,5.9346,1.0000,79.9553,0.4326,93.3500,55.4376,0.2494,6.0981,100.0000,0.0559,0.0690,23.8775,1.0000,0.0975,122.1000,4099.9031,1.9602,4829.3369,18.7836,0.0459,3.0226,1.0000,73.0576,0.0310,3.1919,0.0034,81.4716,0.1658,5.0823,1.0000,100.0084,0.1108,2.9827,1.0000,12.2147,0.1065,1.2059,0.9999,54.9750,0.8142,0.0102,0.5122,4413.6201,28.2,66.9,24.0,59.0
2018-09-01,利群(新版)烟丝,001 ,3500.1489,3.9322,4003.5530,16.8388,0.9625,51.0811,0.5604,0.0000,0.4424,59.8799,0.4731,2.0290,1.0000,220.5000,4000.2846,3.3387,4682.5479,16.3738,0.1071,5.0595,1.0000,18.7202,0.0817,3.7547,1.0000,38.4452,0.1029,8.2771,1.0000,79.9236,0.4258,93.6500,54.3905,0.3645,4.0156,100.0000,0.0572,0.0726,22.7007,1.0000,0.0010,130.2000,4099.9069,2.1077,4809.6196,18.8459,0.0523,2.2558,1.0000,73.0690,0.1367,3.2004,0.0163,81.3496,0.3297,2.6794,1.0000,100.0106,0.1305,2.5272,1.0000,12.2035,0.0645,2.0499,1.0000,53.4925,0.2337,2.1506,1.0000,4387.9224,28.3,68.9,24.0,59.5
2018-09-01,利群(新版)烟丝,002 ,3499.9053,3.8083,4004.3074,16.6979,1.0332,51.2228,0.5753,0.0000,0.3493,59.8800,0.4352,2.2060,1.0000,220.5000,4000.1423,3.4652,4680.0762,16.3223,0.1294,4.3220,1.0000,18.6455,0.0965,2.9209,1.0000,38.4380,0.1625,5.2546,1.0000,79.9707,0.3652,93.7000,56.3609,0.1453,8.3460,100.0000,0.0515,0.0741,22.2620,1.0000,0.1052,130.6000,4099.9404,1.7402,4865.1226,18.7779,0.0474,2.9700,1.0000,73.0223,0.1378,3.2000,0.0157,81.7299,0.1695,4.4640,1.0000,100.0006,0.1065,3.1290,1.0000,12.1919,0.0615,2.2120,1.0000,53.0891,0.1721,3.7013,1.0000,4449.5981,28.5,67.9,24.0,59.3
2018-09-01,利群(新版)烟丝,003 ,3500.0285,4.2032,4002.0186,16.7646,0.8118,51.4885,0.4966,0.0000,0.1627,59.8831,0.3074,3.1262,1.0000,220.3000,3999.8723,3.3322,4673.4648,16.3482,0.1166,4.7213,1.0000,18.6251,0.0838,3.2834,1.0000,38.6002,0.1757,4.5519,1.0000,79.9343,0.4826,93.6000,55.0462,0.4242,3.8926,100.0000,0.0530,0.0657,25.1064,1.0000,0.1398,125.9000,4099.9748,1.8924,4866.9312,18.6822,0.0463,3.4743,1.0000,73.0863,0.1327,3.1990,0.0168,81.6657,0.1563,4.9792,1.0000,100.0022,0.0935,3.5568,1.0000,12.1855,0.0480,2.8811,1.0000,53.0785,0.1709,3.7480,1.0000,4455.5474,28.7,67.2,24.0,59.2
2018-09-01,利群(新版)烟丝,004 ,3499.8013,4.0822,4006.3950,16.7628,0.9954,51.5756,0.5960,0.0000,0.1671,59.9236,0.4252,2.2921,1.0000,220.6000,4000.2539,3.5715,4685.7290,16.2969,0.1190,4.7708,1.0000,18.6652,0.0821,3.5128,1.0000,38.6431,0.1286,6.1078,1.0000,79.9203,0.4036,93.7000,56.3919,0.1241,9.6908,100.0000,0.0544,0.0881,18.7134,1.0000,0.0156,129.4000,4099.9922,1.7526,4809.8892,18.6999,0.0482,3.4577,1.0000,73.0410,0.1235,3.1990,0.0131,80.0437,0.3026,2.2514,1.0000,100.0111,0.1170,2.8167,1.0000,12.1916,0.1259,1.0818,0.9994,52.8596,0.7636,0.9344,0.9975,4394.0454,28.8,68.1,23.9,59.4
2018-09-01,利群(新版)烟丝,005 ,3500.1531,3.9215,4006.6104,16.8604,1.1819,51.7645,0.6652,0.0000,0.1252,59.9116,0.4196,2.3129,1.0000,220.5000,4000.0069,3.0998,4690.9360,16.4961,0.1211,4.1397,1.0000,18.7161,0.0767,3.9802,1.0000,38.2053,0.1914,4.8665,1.0000,79.9682,0.4218,93.9500,54.1105,0.2860,4.7915,100.0000,0.0506,0.0609,27.0873,1.0000,0.1399,120.4000,4099.9508,1.8167,4835.6167,18.7322,0.0478,3.2614,1.0000,72.9226,0.0506,3.2035,0.0074,80.4459,0.2020,4.0359,1.0000,100.0064,0.1027,3.2244,1.0000,12.2483,0.0916,1.2797,0.9999,52.7643,0.4396,1.6954,1.0000,4420.6221,28.9,67.9,24.0,59.4
2018-09-01,利群(新版)烟丝,006 ,3500.1935,4.3156,4003.7129,16.7552,1.0537,51.4744,0.4707,0.0000,0.1567,59.9004,0.3598,2.6867,1.0000,220.3000,4000.4800,3.3003,4678.9976,16.3895,0.1070,5.0177,1.0000,18.6740,0.0787,3.7010,1.0000,38.2898,0.1541,5.8639,1.0000,79.9484,0.4016,93.5500,55.7580,0.1368,10.3346,100.0000,0.0647,0.0829,19.8496,1.0000,0.0320,123.4000,4100.0876,2.0566,4811.2217,18.6439,0.0530,2.7912,1.0000,72.0056,0.1305,3.1997,0.0162,80.8733,0.3201,2.9920,1.0000,99.9931,0.0800,4.1377,1.0000,12.1271,0.1155,1.3647,1.0000,53.0134,0.3660,1.8094,1.0000,4392.6968,28.9,68.7,24.1,59.2
2018-09-01,利群(新版)烟丝,007 ,3499.8425,4.0295,4005.8638,16.7959,0.9567,51.6642,0.3948,0.0000,0.0462,60.1336,0.3764,2.5387,1.0000,220.5000,4000.2481,2.9667,4682.0347,16.4185,0.1143,4.6113,1.0000,18.6975,0.0784,3.8171,1.0000,38.0471,0.1252,7.8632,1.0000,79.9617,0.4747,93.6500,55.7137,0.1420,10.0639,100.0000,0.0504,0.0616,26.8008,1.0000,0.0099,121.6000,4100.0215,2.1229,4813.8501,18.5609,0.0426,2.8218,1.0000,71.7532,0.1382,3.1994,0.0153,80.9851,0.1750,5.6868,1.0000,100.0011,0.0842,3.9530,1.0000,12.1522,0.1075,1.3884,1.0000,53.7802,0.2646,1.5367,1.0000,4400.1909,28.9,67.8,24.0,58.8
2018-09-01,利群(新版)烟丝,008 ,3500.2923,4.0005,4001.7480,16.8782,1.2255,51.6010,0.7451,0.0000,0.2100,60.0851,0.7667,1.2673,0.9999,220.3000,4000.3154,3.1540,4702.2910,16.2935,0.1205,4.7199,1.0000,18.7344,0.0935,3.3317,1.0000,37.8716,0.1179,8.1189,1.0000,80.0046,0.3272,94.1500,55.3819,0.6876,2.2387,100.0000,0.0536,0.0687,23.9958,1.0000,0.1108,127.9000,4099.8424,1.9614,4893.2959,18.5909,0.0481,2.7090,1.0000,71.9498,0.1799,3.1906,0.0059,80.9333,0.2418,4.0436,1.0000,99.9950,0.0696,4.7679,1.0000,12.2521,0.0524,2.2127,1.0000,53.9945,0.2217,1.5120,1.0000,4476.0649,28.6,66.5,23.9,59.2
2018-09-02,利群(新版)烟丝,009 ,3500.1135,3.7797,3994.5002,16.8702,1.0491,50.9364,0.5267,0.0402,0.5480,60.1501,0.4457,2.1313,1.0000,220.0000,3999.5395,3.6866,4658.8975,16.4559,0.1116,4.6127,1.0000,18.6461,0.1036,2.7214,1.0000,37.7783,0.1574,5.8839,1.0000,80.0070,0.1171,93.2500,55.3483,0.2645,5.8612,100.0000,0.0474,0.0588,28.0635,1.0000,0.0773,117.3000,4099.8723,1.6077,4806.5093,18.5937,0.0458,2.8683,1.0000,72.4380,0.0000,3.1994,0.0036,80.6980,0.1848,4.8665,1.0000,99.9981,0.1066,3.1200,1.0000,12.2938,0.0632,1.6152,1.0000,53.8289,0.1968,1.9831,1.0000,4409.0576,28.3,67.3,24.1,59.1
2018-09-02,利群(新版)烟丝,010 ,3500.1112,3.7065,4003.4878,16.8279,1.1112,51.0975,0.5451,0.0000,0.4290,59.9908,0.4291,2.3233,1.0000,220.4000,3999.9383,3.6320,4684.0874,16.4127,0.1094,4.8354,1.0000,18.7306,0.0828,3.7447,1.0000,37.7458,0.1620,5.6495,1.0000,79.9806,0.3127,93.7000,54.7461,0.4502,3.5140,100.0000,0.0565,0.0662,24.8778,1.0000,0.0195,123.5000,4099.8892,1.8995,4840.0098,18.6375,0.0444,3.2845,1.0000,72.5553,0.1391,3.1997,0.0172,80.6358,0.3433,2.5594,1.0000,99.9963,0.1072,3.0980,1.0000,12.3567,0.0595,1.3630,1.0000,52.9248,0.3129,2.2107,1.0000,4433.6543,28.3,67.7,23.9,59.2
2018-09-02,利群(新版)烟丝,011 ,3500.2220,4.2168,4003.3245,17.0331,0.9088,50.9572,0.6269,0.0228,0.5272,60.0080,0.3917,2.5462,1.0000,220.4000,3999.8046,3.2766,4675.0830,16.3994,0.1354,3.9419,1.0000,18.7830,0.0859,3.8153,1.0000,37.8517,0.0849,11.1963,1.0000,79.9534,0.3099,93.5500,55.6224,0.2287,6.3794,100.0000,0.0512,0.0767,21.5084,1.0000,0.0517,124.6000,4100.0308,1.8942,4827.8687,18.7255,0.0507,3.1226,1.0000,72.3140,0.1225,3.1837,0.0289,80.9477,0.2919,3.3656,1.0000,100.0182,0.1202,2.7234,1.0000,12.3451,0.1389,0.6117,0.9667,52.5750,0.4018,2.0120,1.0000,4421.1289,28.5,67.3,24.1,59.1
2018-09-02,利群(新版)烟丝,012 ,3500.1488,3.4918,4001.7029,16.6403,0.9462,51.0841,0.7242,0.0000,0.4538,59.8687,0.4620,2.0696,1.0000,220.3000,4000.3822,3.3002,4682.1084,16.3093,0.1095,5.1449,1.0000,18.7407,0.0772,4.0628,1.0000,38.1017,0.0749,12.8968,1.0000,79.9769,0.3397,93.6500,54.6654,0.4967,3.1307,100.0000,0.0474,0.0584,28.2617,1.0000,0.0084,133.2000,4099.9282,1.7041,4856.1484,18.6402,0.0463,3.1670,1.0000,72.4565,0.1510,3.2001,0.0165,80.7325,0.1981,4.5983,1.0000,99.9945,0.1036,3.2005,1.0000,12.0388,0.0777,1.8816,1.0000,52.8743,0.2075,3.4147,1.0000,4428.7388,28.6,67.5,24.1,58.9
2018-09-02,利群(新版)烟丝,013 ,3500.2754,4.3752,4007.4993,16.6292,1.0776,51.4759,0.4572,0.0000,0.1489,60.0187,0.3436,2.8921,1.0000,220.6000,3999.6100,3.6898,4681.9824,16.2967,0.1343,4.2269,1.0000,18.6997,0.1007,2.9777,1.0000,38.0993,0.1084,8.9165,1.0000,79.9575,0.4223,93.6500,56.0641,0.1669,7.8621,100.0000,0.0507,0.0555,29.7129,1.0000,0.0111,133.2000,4099.9600,2.2708,4821.9058,18.5815,0.0488,2.6038,1.0000,72.7696,0.1259,3.1985,0.0144,80.3139,0.4624,1.6680,1.0000,100.0192,0.1403,2.3295,1.0000,12.1107,0.0694,2.3506,1.0000,52.3331,0.3686,2.4120,1.0000,4404.2612,28.7,68.2,24.1,58.8
2018-09-02,利群(新版)烟丝,014 ,3499.8060,3.6528,3999.1907,16.5625,0.8929,51.4711,0.4046,0.0000,0.1222,60.0585,0.2976,3.2952,1.0000,220.1000,3999.6054,3.5547,4665.9312,16.2074,0.1073,5.5665,1.0000,18.5800,0.0839,3.0995,1.0000,37.9095,0.1447,6.7021,1.0000,79.9349,0.4197,93.4000,54.1702,0.3760,3.6971,100.0000,0.0506,0.0676,24.3891,1.0000,0.0872,131.8000,4100.0377,2.0091,4817.1650,18.4453,0.0469,1.7426,1.0000,72.8749,0.0611,3.2050,0.0069,81.2513,0.1740,5.2646,1.0000,99.9946,0.0990,3.3504,1.0000,12.1434,0.0511,2.9790,1.0000,52.9278,0.2668,2.5889,1.0000,4418.2383,28.8,68.8,23.9,59.2
2018-09-02,利群(新版)烟丝,015 ,3500.0315,4.0092,4010.1765,16.3602,1.2182,51.3848,0.4410,0.0000,0.1914,59.8588,0.4890,1.9486,1.0000,218.0000,3999.6791,3.6221,4680.1201,15.9943,0.1138,5.8391,1.0000,18.5957,0.0775,3.4209,1.0000,38.0070,0.1263,7.9013,1.0000,80.0157,0.3403,93.6500,55.8520,1.0740,1.2874,100.0000,0.0591,0.0810,20.3372,1.0000,0.0509,141.0000,4099.8039,2.3616,4847.2559,18.5102,0.0490,2.1099,1.0000,72.6772,0.0360,3.1977,0.0052,81.1439,0.1735,5.4858,1.0000,100.0031,0.1222,2.7204,1.0000,12.1552,0.0588,2.5220,1.0000,53.0643,0.2667,2.4189,1.0000,4438.4268,28.7,68.7,24.0,59.4
2018-09-02,利群(新版)烟丝,016 ,3500.0517,3.6889,4004.3882,16.5743,1.0290,51.3594,0.5751,0.0000,0.2660,59.9022,0.4480,2.1594,1.0000,220.5000,4000.0519,3.2698,4670.2368,16.0902,0.1021,6.2350,1.0000,18.5977,0.0777,3.4200,1.0000,38.0131,0.0854,11.6583,1.0000,80.0101,0.1984,93.4500,54.3962,0.4332,3.3830,100.0000,0.0712,0.0610,26.9150,1.0000,0.0485,137.3000,4099.9589,1.9779,4782.2603,18.5347,0.0426,2.6196,1.0000,72.5874,0.1250,3.2013,0.0153,81.2277,0.1468,6.2935,1.0000,99.9992,0.1268,2.6264,1.0000,12.1139,0.0610,2.6549,1.0000,53.1413,0.2053,3.0185,1.0000,4380.3779,28.7,66.1,24.0,59.1
2018-09-02,利群(新版)烟丝,017 ,3500.3462,3.8467,3999.3535,16.7457,0.9633,51.3847,0.5535,0.0000,0.2435,59.8929,0.4605,2.0939,1.0000,220.2000,4000.1092,3.6739,4708.7764,16.2775,0.1032,5.5662,1.0000,18.6276,0.0840,3.2830,1.0000,37.9312,0.0941,10.3825,1.0000,79.9777,0.4120,94.2000,55.1525,0.3535,4.5713,100.0000,0.0609,0.0826,19.9201,1.0000,0.0260,128.6000,4099.8265,2.4239,4895.8125,18.5479,0.0828,1.4011,1.0000,72.6132,0.0980,3.2005,0.0120,81.0190,0.4236,2.3456,1.0000,99.9997,0.1020,3.2657,1.0000,12.2085,0.1100,1.1869,0.9998,52.8659,0.3511,2.0261,1.0000,4477.4800,28.5,66.0,24.1,58.9
2018-09-03,利群(新版)烟丝,018 ,3500.0370,4.0433,4003.6528,16.8637,0.9761,50.7747,0.6906,0.1087,0.6279,60.1620,0.8146,1.1613,0.9997,220.4000,3999.5729,3.2394,4663.0361,16.4138,0.1014,5.2164,1.0000,18.6705,0.0923,3.1432,1.0000,37.6953,0.1074,8.3656,1.0000,80.0142,0.1957,93.3500,54.7788,0.2849,5.5920,100.0000,0.0599,0.0775,21.2588,1.0000,0.0957,122.5000,4100.0992,2.4636,4841.2900,18.6800,0.0481,3.3278,1.0000,72.5573,0.1375,3.2017,0.0144,80.6991,0.1716,5.2437,1.0000,99.9892,0.1146,2.8784,1.0000,12.1882,0.0479,2.8626,1.0000,53.1877,0.2805,2.1540,1.0000,4436.5645,28.1,68.7,24.1,59.0
2018-09-03,利群(新版)烟丝,019 ,3500.1303,3.6821,3999.7815,16.6156,1.0016,51.1401,0.4820,0.0000,0.3857,59.9621,0.3678,2.6843,1.0000,220.2000,3999.9109,3.7488,4677.5405,16.2489,0.1120,5.2112,1.0000,18.6996,0.1405,2.1342,1.0000,38.0029,0.0951,10.5025,1.0000,79.9623,0.3140,93.5000,54.8155,0.6891,2.3294,100.0000,0.0630,0.0818,20.1234,1.0000,0.0543,136.2000,4099.8844,1.8514,4778.1045,18.6171,0.0470,2.9609,1.0000,72.6024,0.1642,3.2010,0.0144,79.7482,0.4676,1.2462,0.9999,100.0037,0.1291,2.5720,1.0000,12.1411,0.0456,3.3542,1.0000,51.5366,0.2254,3.7517,1.0000,4376.4775,28.2,67.7,23.9,59.2
2018-09-03,利群(新版)烟丝,020 ,3500.2717,3.9765,4002.5598,16.7522,0.7644,51.0517,0.5830,0.0000,0.4647,59.9026,0.4917,1.9676,1.0000,220.4000,3999.7015,3.5165,4683.7690,16.3888,0.1162,4.6205,1.0000,18.7157,0.1072,2.8479,1.0000,38.0563,0.0949,10.3357,1.0000,79.9833,0.4016,93.7500,56.3207,0.1691,7.2525,100.0000,0.0566,0.0634,26.0076,1.0000,0.0797,126.9000,4100.0615,1.8943,4826.1753,18.6086,0.0475,2.8670,1.0000,72.9729,0.2129,3.2001,0.0193,80.8576,0.1554,6.1303,1.0000,100.0203,0.1354,2.4111,1.0000,12.0685,0.0684,2.2833,1.0000,52.1035,0.2749,3.5116,1.0000,4415.2046,28.3,67.4,24.0,59.2
2018-09-03,利群(新版)烟丝,021 ,3499.9424,3.8455,4008.4844,16.6756,1.2477,51.1869,0.5588,0.0000,0.3690,59.8543,0.5150,1.8476,1.0000,220.7000,4000.2628,3.7034,4677.3198,16.0079,0.1191,5.5771,1.0000,18.7511,0.0819,3.8725,1.0000,38.2115,0.0746,12.4518,1.0000,79.9715,0.2536,93.6500,54.8365,0.5967,2.7016,100.0000,0.0606,0.0795,20.7048,1.0000,0.1108,148.3000,4099.9137,1.8885,4859.3936,18.6392,0.0553,2.6483,1.0000,72.9961,0.1608,3.2011,0.0161,80.9638,0.1672,5.9099,1.0000,100.0218,0.1086,3.0022,1.0000,12.0811,0.0625,2.5654,1.0000,52.4185,0.2253,3.8193,1.0000,4443.4399,28.3,70.1,24.0,58.9
2018-09-03,利群(新版)烟丝,022 ,3499.8120,3.9148,4007.1062,16.6308,1.0821,51.2113,0.5697,0.0000,0.3553,59.8600,0.4869,1.9580,1.0000,220.4000,4000.1403,3.3228,4676.7471,16.3212,0.1178,4.7485,1.0000,18.7052,0.0774,3.8967,1.0000,38.2270,0.0796,11.6057,1.0000,79.9740,0.2501,93.5000,56.3447,0.1589,7.6660,100.0000,0.0658,0.0744,22.1085,1.0000,0.0374,130.9000,4100.0946,1.6694,4845.3135,18.5952,0.0605,2.1760,1.0000,73.0278,0.1604,3.2001,0.0194,81.1575,0.1877,5.0489,1.0000,99.9904,0.0752,4.3923,1.0000,12.0698,0.0434,3.6070,1.0000,52.6439,0.1688,4.6538,1.0000,4436.2124,28.2,66.4,23.9,59.0
2018-09-03,利群(新版)烟丝,023 ,3499.9352,4.1623,4010.9819,16.6576,1.0213,51.1898,0.6990,0.0000,0.3930,59.8346,0.5915,1.5975,1.0000,220.9000,4000.0326,3.3496,4684.8755,16.1883,0.1234,4.8945,1.0000,18.7008,0.0764,3.9298,1.0000,38.1799,0.1082,8.6917,1.0000,79.9882,0.1955,93.7000,54.9600,0.4579,3.6111,100.0000,0.0666,0.0968,16.9915,1.0000,0.0027,137.2000,4099.8318,2.2561,4882.7617,18.5416,0.0538,2.1181,1.0000,72.6510,0.1841,3.1935,0.0106,80.5145,0.3193,2.6249,1.0000,99.9987,0.1100,3.0257,1.0000,12.1057,0.0830,1.9855,1.0000,53.1475,0.2818,2.1911,1.0000,4471.6211,28.1,67.1,23.2,59.3
2018-09-04,利群(新版)烟丝,024 ,3500.0947,3.8801,3989.2188,16.6560,1.0606,50.4531,0.7141,0.2553,0.7782,59.9985,0.3155,3.1680,1.0000,219.6000,3999.8744,3.8245,4656.8628,16.1688,0.1253,4.8710,1.0000,18.6095,0.1035,2.6067,1.0000,38.1801,0.5513,1.7051,1.0000,79.9519,0.4771,93.2000,54.8705,0.2874,5.6499,100.0000,0.0748,0.0941,17.4489,1.0000,0.0674,135.3000,4099.9893,1.6579,4818.1431,18.6588,0.0468,3.2694,1.0000,72.5899,0.1090,3.1989,0.0128,81.2890,0.1957,4.6187,1.0000,100.0146,0.1174,2.7974,1.0000,12.1258,0.0603,2.6193,1.0000,53.5578,0.1667,2.8838,1.0000,4416.6011,27.7,66.7,22.8,58.1
2018-09-04,利群(新版)烟丝,025 ,3500.1687,3.7942,4005.3127,16.6496,0.9714,50.8185,0.5425,0.1115,0.6310,59.9866,0.2990,3.3299,1.0000,220.5000,4000.0938,3.6508,4670.5737,16.2967,0.1101,5.1563,1.0000,18.6395,0.0818,3.4218,1.0000,38.2898,0.1334,6.7741,1.0000,79.9951,0.2885,93.4500,54.1996,0.8743,1.6011,100.0000,0.0558,0.0739,22.3130,1.0000,0.0412,131.7000,4100.0139,1.4870,4810.5288,18.6895,0.0545,2.9926,1.0000,72.7962,0.1391,3.1994,0.0146,82.1887,0.3388,1.7823,1.0000,100.0091,0.0924,3.5752,1.0000,12.1463,0.0607,2.4900,1.0000,53.4105,0.2075,2.5533,1.0000,4404.7949,28.0,69.0,23.2,58.5
2018-09-04,利群(新版)烟丝,026 ,3499.8249,4.2159,4005.0430,16.6311,0.8366,50.9698,0.4944,0.0203,0.5243,59.9533,0.3196,3.0802,1.0000,220.5000,4000.5318,3.4746,4672.9121,16.1091,0.1093,5.7665,1.0000,18.6295,0.1019,2.7125,1.0000,38.0901,0.3080,3.1489,1.0000,79.9456,0.4982,93.4500,55.6964,0.1499,9.5709,100.0000,0.0674,0.1008,16.3169,1.0000,0.0088,137.1000,4099.7595,1.7389,4880.9268,18.6065,0.0501,2.7033,1.0000,72.7315,0.1659,3.2035,0.0119,82.5938,0.1848,2.5359,1.0000,99.9983,0.0808,4.1187,1.0000,12.1589,0.0575,2.5583,1.0000,53.5475,0.1843,2.6271,1.0000,4475.2471,28.1,66.7,22.9,58.2
2018-09-04,利群(新版)烟丝,027 ,3500.3392,3.9551,4004.8176,16.8128,0.9524,51.0757,0.5128,0.0000,0.4413,59.9944,0.2647,3.7714,1.0000,220.5000,3999.8054,3.4517,4678.9375,16.2698,0.1127,5.1161,1.0000,18.6119,0.0776,3.4876,1.0000,38.3094,0.1034,8.6714,1.0000,80.0357,0.2905,93.6000,53.9904,0.4136,3.2159,100.0000,0.0687,0.0787,20.8754,1.0000,0.0227,128.0000,4099.8015,2.1894,4799.0273,18.4605,0.0522,1.6623,1.0000,73.1554,0.1278,3.1968,0.0121,81.0286,0.2941,3.3673,1.0000,100.0081,0.1328,2.4888,1.0000,12.1210,0.0663,2.4083,1.0000,51.7541,0.4087,2.2463,1.0000,4394.2861,28.2,66.3,23.0,58.2
2018-09-04,利群(新版)烟丝,028 ,3499.8567,4.0897,4004.4380,16.8827,0.8069,51.2110,0.4822,0.0000,0.3309,59.9913,0.2316,4.3047,1.0000,220.3000,3999.6341,3.5968,4684.3667,16.2767,0.1145,5.0188,1.0000,18.5975,0.0742,3.5821,1.0000,38.3346,0.1532,5.8000,1.0000,80.0071,0.3390,93.6500,56.4659,0.1558,7.5624,100.0000,0.0618,0.0762,21.6092,1.0000,0.0398,127.1000,4099.7605,1.7939,4794.2251,18.4550,0.0524,1.6220,1.0000,73.1170,0.1602,3.1987,0.0144,81.6477,0.1894,4.1403,1.0000,99.9990,0.2192,1.5191,1.0000,12.1106,0.0902,1.8081,1.0000,52.4083,0.2947,2.9311,1.0000,4396.9277,28.2,65.8,23.1,58.2
2018-09-04,利群(新版)烟丝,029 ,3498.0196,13.3409,4003.1890,16.8196,1.1283,51.3169,0.5138,0.0000,0.2687,60.0044,0.4375,2.2825,1.0000,220.3000,3999.8078,3.3237,4664.5889,16.2174,0.1196,4.9671,1.0000,18.5928,0.0913,2.8932,1.0000,38.1631,0.1583,5.9735,1.0000,79.9671,0.5138,93.3000,54.1201,0.2376,5.7812,100.0000,0.0695,0.0856,19.2038,1.0000,0.0088,128.7000,4099.9356,2.0976,4812.4849,18.4499,0.0673,1.2383,0.9999,73.1122,0.1589,3.2018,0.0137,81.7183,0.1781,4.2707,1.0000,99.9985,0.1229,2.7087,1.0000,12.0964,0.0644,2.5698,1.0000,52.9151,0.2717,2.5582,1.0000,4412.6475,28.3,68.5,23.0,58.3
2018-09-04,利群(新版)烟丝,030 ,3499.9990,4.0159,4003.9045,16.9640,0.8888,51.3580,0.5389,0.0000,0.2533,59.9913,0.4791,2.0813,1.0000,220.5000,4000.3597,3.1348,4673.7827,16.2621,0.1056,5.4844,1.0000,18.5767,0.0884,2.9281,1.0000,38.1396,0.0845,11.2849,1.0000,79.9958,0.1948,93.4500,55.6222,0.1372,10.6330,100.0000,0.0618,0.0723,22.7684,1.0000,0.0274,127.1000,4100.0961,1.9107,4816.0903,18.3943,0.0500,1.2952,0.9999,73.1175,0.0350,3.2078,0.0028,81.5453,0.1725,4.7427,1.0000,99.9992,0.1182,2.8189,1.0000,12.1430,0.0651,2.3402,1.0000,53.0122,0.2215,2.9916,1.0000,4415.9268,28.3,67.6,22.9,58.3
2018-09-04,利群(新版)烟丝,031 ,3499.7041,3.8432,4002.2107,16.8951,1.0068,51.3060,0.4399,0.0000,0.2433,60.0026,0.4223,2.3659,1.0000,220.2000,3999.4777,3.2393,4684.6514,16.3148,0.0962,5.8383,1.0000,18.5438,0.1887,1.3140,1.0000,38.0309,0.1282,7.7216,1.0000,79.9657,0.3353,93.7500,55.1440,0.4787,3.3815,100.0000,0.0584,0.0683,24.1177,1.0000,0.0608,122.1000,4100.1931,1.9543,4825.4424,18.4565,0.0654,1.3074,1.0000,73.1947,0.0000,3.2013,0.0033,81.2189,0.2904,3.1919,1.0000,100.0056,0.1301,2.5475,1.0000,12.1670,0.0455,3.1716,1.0000,53.0186,0.2520,2.6212,1.0000,4423.5146,28.2,70.5,23.1,58.5
2018-09-05,利群(新版)烟丝,032 ,3499.8051,4.2762,3992.7676,16.9667,0.7284,50.6544,0.4804,0.2398,0.7640,60.1449,0.3943,2.4136,1.0000,219.9000,3999.2414,3.6368,4640.0195,16.2286,0.1077,5.4810,1.0000,18.5846,0.0774,3.3797,1.0000,38.0664,0.6261,1.5619,1.0000,79.9953,0.3208,92.8000,54.9893,0.3063,5.4302,100.0000,0.0494,0.0704,23.4543,1.0000,0.0004,130.4000,4099.9634,2.3786,4866.0635,18.5888,0.0538,2.4084,1.0000,73.0481,0.1028,3.2004,0.0103,81.2959,0.2316,3.8927,1.0000,100.0015,0.1415,2.3520,1.0000,12.1352,0.0448,3.4591,1.0000,53.2245,0.1941,3.0499,1.0000,4454.0815,28.1,67.3,22.9,58.3
2018-09-05,利群(新版)烟丝,033 ,3500.0090,4.1292,4011.7295,16.7908,0.8412,50.4490,0.5162,0.3558,0.8571,60.0205,0.3022,3.2864,1.0000,220.9000,3999.9822,3.6642,4679.1987,16.0382,0.1202,5.4416,1.0000,18.6136,0.1847,1.4680,1.0000,38.1417,0.2792,3.4126,1.0000,79.9450,0.4325,93.5500,54.8120,0.5652,2.8381,100.0000,0.0568,0.0721,22.8642,1.0000,0.0363,146.1000,4100.0023,2.2270,4853.4458,18.6175,0.0697,1.9973,1.0000,73.0695,0.0000,3.1983,0.0037,80.9186,0.3563,2.7304,1.0000,99.9987,0.1522,2.1868,1.0000,12.1345,0.0480,3.2351,1.0000,53.0048,0.1960,3.3935,1.0000,4444.5894,28.0,68.5,22.9,58.4
2018-09-08,利群(新版)烟丝,034 ,3499.9395,3.6774,4001.9646,17.9199,0.8955,49.7512,0.5442,0.7650,0.9891,59.9929,0.3563,2.7996,1.0000,220.8000,3999.6442,3.7469,4666.2388,16.7629,0.1215,3.3949,1.0000,18.5373,0.1206,2.0377,1.0000,38.2028,0.3018,3.0892,1.0000,79.9572,0.4390,93.3500,55.2699,0.3043,5.1813,100.0000,0.0636,0.0836,19.6782,1.0000,0.0270,105.8000,4099.8333,1.6963,4788.4956,18.4528,0.0460,1.8300,1.0000,73.0693,0.1178,3.1930,0.0071,81.9630,0.2057,3.3004,1.0000,100.0051,0.1181,2.8088,1.0000,12.1073,0.1680,0.9773,0.9970,53.5802,0.1851,2.5565,1.0000,4387.4395,27.2,67.1,23.1,58.5
2018-09-08,利群(新版)烟丝,035 ,3499.8433,3.8715,4002.3687,17.9185,0.8566,50.2322,0.5366,0.4770,0.9238,59.9837,0.2648,3.7554,1.0000,220.6000,3999.4777,3.4407,4680.7681,16.6875,0.1142,3.8292,1.0000,18.6309,0.1016,2.7272,1.0000,38.1516,0.1228,7.7342,1.0000,80.0015,0.3428,93.6000,54.2901,0.3249,4.4014,100.0000,0.0581,0.0774,21.2751,1.0000,0.0164,114.3000,4099.7992,1.8776,4821.0054,18.5976,0.0612,2.1666,1.0000,73.0462,0.1234,3.1975,0.0120,82.2810,0.2094,2.7370,1.0000,100.0013,0.1238,2.6892,1.0000,12.1552,0.0616,2.4065,1.0000,53.9711,0.2290,1.4977,1.0000,4411.3174,27.2,67.6,23.0,58.4
2018-09-08,利群(新版)烟丝,036 ,3500.1550,4.0047,3999.2427,17.8485,0.9409,50.4051,0.5815,0.3410,0.8468,59.9860,0.3815,2.6092,1.0000,220.6000,3999.4385,3.1931,4678.7563,16.4848,0.1404,3.5960,1.0000,18.5924,0.1007,2.6240,1.0000,38.4719,0.1223,6.8904,1.0000,79.9794,0.2618,93.7000,55.6255,0.1465,9.9539,100.0000,0.0444,0.0602,27.4377,1.0000,0.1335,124.7000,4099.8886,1.7805,4829.8911,18.5032,0.0514,1.9675,1.0000,72.9032,0.1322,3.2008,0.0144,81.8409,0.3469,2.0745,1.0000,99.9927,0.1138,2.9081,1.0000,12.2073,0.0747,1.7519,1.0000,53.5349,0.1842,2.6505,1.0000,4426.3843,27.2,68.4,22.9,58.3
2018-09-08,利群(新版)烟丝,037 ,3499.9433,3.9637,4002.0442,17.8066,0.7995,50.6675,0.6032,0.1837,0.7092,59.9510,0.2834,3.4714,1.0000,220.7000,3999.8589,3.4738,4680.5005,16.4579,0.1196,4.2984,1.0000,18.6674,0.0829,3.4887,1.0000,38.1402,0.2678,3.5592,1.0000,79.9685,0.2863,93.7000,55.9672,1.3395,1.0036,100.0000,0.0666,0.0909,18.0821,1.0000,0.0961,130.3000,4099.9611,1.5586,4851.1714,18.5915,0.0458,2.8516,1.0000,72.8601,0.1444,3.1995,0.0137,81.5810,0.1929,4.1803,1.0000,99.9998,0.0909,3.6664,1.0000,12.2999,0.0508,1.9702,1.0000,52.4923,0.2090,3.9989,1.0000,4443.1431,27.4,68.2,22.9,58.5
2018-09-08,利群(新版)烟丝,038 ,3500.1939,4.1905,4002.6877,17.8378,0.7083,50.8302,0.4134,0.1370,0.6594,59.9614,0.3394,2.9088,1.0000,220.5000,3999.8550,3.7172,4676.6699,16.4757,0.1061,4.7889,1.0000,18.7048,0.1225,2.4615,1.0000,37.8820,0.1051,9.1377,1.0000,79.9858,0.1737,93.6500,56.3388,0.1636,7.4610,100.0000,0.0718,0.1010,16.2633,1.0000,0.1247,129.0000,4099.8615,2.1080,4823.8555,18.6152,0.0425,3.2551,1.0000,72.9289,0.0886,3.1964,0.0096,81.4572,0.2613,3.2442,1.0000,100.0165,0.1107,2.9607,1.0000,12.2733,0.0558,1.9502,1.0000,51.5247,0.4215,1.9965,1.0000,4415.7964,27.6,68.5,23.0,58.6
2018-09-08,利群(新版)烟丝,039 ,3500.0961,4.0654,4005.0146,17.8391,0.8338,50.6110,0.5192,0.2497,0.7731,59.9526,0.3526,2.7910,1.0000,220.9000,3999.7361,3.4453,4669.3486,16.4072,0.1243,4.2731,1.0000,18.7008,0.1156,2.5972,1.0000,37.8543,0.1157,8.2214,1.0000,79.9778,0.2019,93.4500,54.1109,0.3999,3.4265,100.0000,0.0498,0.0637,25.9168,1.0000,0.0675,131.2000,4099.9404,1.7950,4838.4727,18.6550,0.0498,3.0445,1.0000,73.0708,0.0000,3.2052,0.0046,82.2756,0.1996,2.8802,1.0000,100.0176,0.1160,2.8235,1.0000,12.1780,0.0761,1.8478,1.0000,52.2494,0.3179,2.8838,1.0000,4426.1226,27.7,68.2,23.1,58.2
2018-09-09,利群(新版)烟丝,040 ,3499.9611,3.7800,4001.5669,18.0806,0.8901,50.3238,0.3513,0.6416,0.9729,60.0850,0.4255,2.2839,1.0000,220.7000,4000.2907,3.9507,4675.0874,16.7735,0.1245,3.2841,1.0000,18.6170,0.1438,1.8943,1.0000,38.2876,0.2392,3.7794,1.0000,79.9870,0.3044,93.4500,56.1545,0.1963,6.5290,100.0000,0.0554,0.0727,22.6592,1.0000,0.0553,107.5000,4099.7721,2.2243,4791.9956,18.5938,0.0659,1.9916,1.0000,72.8577,0.1348,3.1929,0.0105,81.1589,0.2075,4.5631,1.0000,100.0021,0.1081,3.0781,1.0000,12.0879,0.0585,2.7822,1.0000,53.0166,0.2247,2.9422,1.0000,4376.1416,27.3,66.6,22.9,58.3
2018-09-09,利群(新版)烟丝,041 ,3500.1934,3.9407,3997.2983,18.1324,0.8199,50.3478,0.5264,0.4130,0.8923,59.9804,0.4474,2.2205,1.0000,220.6000,4000.0877,3.3384,4688.0508,16.8159,0.1137,3.4725,1.0000,18.6423,0.0803,3.4980,1.0000,38.2029,0.1462,6.3775,1.0000,79.9729,0.3227,93.8000,55.4827,0.5709,2.6375,100.0000,0.0666,0.0878,18.7281,1.0000,0.0416,105.4000,4099.8672,2.0746,4847.4038,18.6093,0.0797,1.7116,1.0000,72.9139,0.0138,3.1979,0.0036,81.5420,0.2017,4.0621,1.0000,100.0134,0.1098,2.9947,1.0000,12.1748,0.0497,2.8502,1.0000,52.9015,0.2025,3.4546,1.0000,4435.9302,27.4,67.7,23.0,58.2
2018-09-09,利群(新版)烟丝,042 ,3499.8571,3.6047,3997.4595,18.1007,0.7369,50.4311,0.4745,0.3996,0.8847,59.9962,0.3571,2.7965,1.0000,220.5000,3999.7892,3.7525,4677.2061,16.5948,0.1447,3.2364,1.0000,18.6639,0.0912,3.1563,1.0000,37.8310,0.2152,4.3858,1.0000,79.9326,0.5396,93.6500,56.4252,0.1934,6.1626,100.0000,0.0546,0.0665,24.7733,1.0000,0.1132,116.1000,4099.9961,1.7368,4824.0420,18.5718,0.0377,3.2894,1.0000,73.0104,0.0688,3.2014,0.0081,81.0526,0.4158,2.3631,1.0000,100.0143,0.1231,2.6684,1.0000,12.1716,0.0413,3.4552,1.0000,51.8164,0.4800,1.9558,1.0000,4417.3457,27.5,67.5,23.0,57.9
2018-09-09,利群(新版)烟丝,043 ,3499.7611,3.8436,4000.3333,17.5447,0.7472,50.3986,0.4942,0.4056,0.8882,59.9710,0.4371,2.2655,1.0000,220.5000,3999.9752,3.4284,4672.5835,16.5633,0.1092,4.3844,1.0000,18.6493,0.1003,2.8235,1.0000,37.8739,0.1099,8.7168,1.0000,79.9767,0.3444,93.4500,55.4989,0.1885,7.9613,100.0000,0.0543,0.0613,26.8762,1.0000,0.0018,120.9000,4099.8830,1.8876,4776.0391,18.5595,0.0486,2.4650,1.0000,73.0678,0.0398,3.1970,0.0042,81.3690,0.3916,2.2396,1.0000,100.0018,0.1790,1.8593,1.0000,12.1042,0.0465,3.5514,1.0000,53.1265,0.2099,2.9757,1.0000,4370.1958,27.5,68.4,23.0,58.2
2018-09-09,利群(新版)烟丝,044 ,3500.0543,4.0816,3999.2896,17.5985,0.9598,50.3008,0.5299,0.4398,0.9065,59.9481,0.4081,2.4079,1.0000,220.6000,3999.8155,3.5376,4684.8267,16.6621,0.1126,3.9620,1.0000,18.7362,0.1307,2.3871,1.0000,37.7511,0.1662,5.5189,1.0000,79.9733,0.4482,93.8000,54.5728,0.4957,3.0747,100.0000,0.0556,0.0712,23.1363,1.0000,0.1104,119.5000,4100.1689,1.6590,4890.0298,18.6138,0.0528,2.6105,1.0000,72.9072,0.1241,3.1959,0.0071,81.7646,0.2262,3.2942,1.0000,99.9912,0.1277,2.5881,1.0000,12.1795,0.0460,3.0468,1.0000,52.9734,0.2224,3.0380,1.0000,4470.1021,27.6,67.1,23.0,58.1
2018-09-10,利群(新版)烟丝,045 ,3500.0035,4.0945,4002.9612,17.3255,0.9059,49.5738,0.9025,0.5268,0.9430,59.9764,0.2788,3.5583,1.0000,220.9000,3999.3589,4.4652,4679.4463,16.4092,0.1209,4.3871,1.0000,18.5880,0.2630,0.9989,0.9986,38.3229,0.1156,7.7228,1.0000,79.9686,0.2927,93.6500,55.0642,0.2914,5.6470,100.0000,0.0574,0.0783,21.0435,1.0000,0.0653,132.3000,4100.0284,2.2116,4820.8647,18.7589,0.0555,2.6488,1.0000,72.9894,0.0122,3.1977,0.0032,81.3898,0.2315,3.7586,1.0000,99.9980,0.1337,2.4880,1.0000,12.2109,0.0755,1.7192,1.0000,52.7463,0.2394,3.1385,1.0000,4409.0117,27.2,68.1,23.0,58.3
2018-09-10,利群(新版)烟丝,046 ,3500.2743,3.9428,4005.8650,17.3295,0.5825,49.8448,0.5191,0.7418,0.9870,60.0162,0.3184,3.1235,1.0000,221.0000,3999.8177,3.9035,4679.2412,16.4248,0.1164,4.5107,1.0000,18.6627,0.0858,3.3521,1.0000,38.0396,0.1931,5.1111,1.0000,79.9556,0.4337,93.7000,54.1427,0.3543,3.8978,100.0000,0.0628,0.0787,20.9159,1.0000,0.1231,131.9000,4099.8084,2.3988,4847.5342,18.6496,0.0565,2.6530,1.0000,72.9390,0.1594,3.1997,0.0136,81.5114,0.2117,3.9178,1.0000,99.9977,0.1333,2.4948,1.0000,12.3106,0.0556,1.7363,1.0000,52.7172,0.2147,3.5433,1.0000,4442.5649,27.0,67.8,23.0,58.2
2018-09-10,利群(新版)烟丝,047 ,3499.9806,3.7906,4003.5652,17.5071,0.9296,50.1373,0.5052,0.5692,0.9562,60.0063,0.3931,2.5384,1.0000,220.8000,4000.1201,3.7039,4674.4224,16.4972,0.1333,3.7593,1.0000,18.6774,0.1056,2.7686,1.0000,38.3161,0.2022,4.4235,1.0000,79.9602,0.4675,93.6000,55.7724,0.2324,6.0630,100.0000,0.0556,0.0722,22.8188,1.0000,0.1193,123.1000,4099.7457,2.2950,4770.1333,18.6205,0.0492,2.8473,1.0000,72.9951,0.1272,3.1979,0.0136,81.4278,0.3134,2.7362,1.0000,99.9985,0.1403,2.3716,1.0000,12.2048,0.0509,2.5868,1.0000,52.6708,0.2107,3.6842,1.0000,4358.7798,27.1,68.6,23.0,58.3
2018-09-10,利群(新版)烟丝,048 ,3499.8700,4.1091,4000.5139,17.1446,1.1579,50.0541,0.6400,0.4926,0.9303,59.9730,0.4323,2.2925,1.0000,220.6000,3999.7597,3.8788,4673.5449,16.2008,0.1093,5.4861,1.0000,18.6153,0.1179,2.3045,1.0000,38.0715,0.1869,5.2242,1.0000,79.9656,0.3425,93.5500,54.8615,0.2049,7.9089,100.0000,0.0562,0.0742,22.2003,1.0000,0.0846,138.8000,4099.7469,2.0313,4842.0454,18.5092,0.0485,2.1249,1.0000,73.0416,0.1642,3.1994,0.0093,81.8776,0.2104,3.3619,1.0000,100.0010,0.1137,2.9283,1.0000,12.1182,0.0397,4.0473,1.0000,52.8470,0.2470,2.9056,1.0000,4433.6943,27.0,68.4,23.1,57.9
2018-09-10,利群(新版)烟丝,049 ,3500.0943,3.8388,3999.6890,17.4631,1.0190,49.9545,0.6437,0.5414,0.9478,59.9704,0.6059,1.6342,1.0000,220.7000,3999.4893,3.8110,4693.1440,16.4003,0.1244,4.2847,1.0000,18.7082,0.0807,3.7518,1.0000,38.0131,0.1063,9.3676,1.0000,79.9670,0.2721,93.9000,56.8100,0.8025,1.3251,100.0000,0.0647,0.0841,19.5612,1.0000,0.0396,127.2000,4100.1338,1.9131,4903.9482,18.5826,0.0570,2.2378,1.0000,72.9765,0.0433,3.1937,0.0039,81.7185,0.1879,4.0482,1.0000,99.9984,0.1441,2.3091,1.0000,12.2231,0.0571,2.2002,1.0000,52.8304,0.1984,3.6457,1.0000,4486.6880,26.9,68.3,23.0,58.0
2018-09-11,利群(新版)烟丝,050 ,3500.1840,4.1774,4004.9802,17.3271,0.9134,49.5401,0.7590,0.6411,0.9728,59.9507,0.4417,2.2268,1.0000,220.9000,3999.8729,3.9324,4665.2759,16.4446,0.1145,4.5289,1.0000,18.6292,0.1452,1.9033,1.0000,38.1024,0.4446,2.1725,1.0000,79.9593,0.3373,93.3000,55.4570,0.3065,4.9403,100.0000,0.0530,0.0624,26.4402,1.0000,0.0059,128.8000,4099.9746,2.3101,4825.3892,18.6142,0.0518,2.6639,1.0000,73.0241,0.0194,3.1963,0.0036,81.4646,0.2009,4.2075,1.0000,100.0049,0.1248,2.6569,1.0000,12.1979,0.0535,2.5054,1.0000,52.2405,0.2783,3.3056,1.0000,4417.1782,27.1,68.0,23.1,58.4
2018-09-11,利群(新版)烟丝,051 ,3499.8795,3.5728,4000.0691,17.2655,0.9118,49.9657,0.5366,0.6425,0.9730,59.9961,0.2693,3.7084,1.0000,220.6000,3999.6442,3.7457,4684.2222,16.3560,0.1095,5.0067,1.0000,18.6919,0.0841,3.5349,1.0000,38.0902,0.1960,4.9487,1.0000,79.9937,0.2607,93.7000,55.7631,0.7062,1.9997,100.0000,0.0549,0.0812,20.2966,1.0000,0.0166,134.5000,4099.8901,2.5768,4862.4053,18.6612,0.0490,3.1372,1.0000,72.9938,0.0398,3.1891,0.0039,81.6136,0.3110,2.5579,1.0000,100.0030,0.1304,2.5492,1.0000,12.1448,0.0510,2.9749,1.0000,52.0632,0.1999,4.8977,1.0000,4441.3882,26.8,68.6,23.0,57.9
2018-09-11,利群(新版)烟丝,052 ,3500.0935,4.3221,4003.3809,17.4482,0.9276,49.8234,0.5664,0.6925,0.9811,59.9766,0.3748,2.6475,1.0000,220.8000,3999.8372,3.7271,4678.2969,16.4871,0.1124,4.4856,1.0000,18.6613,0.0984,2.9173,1.0000,38.0904,0.1543,6.2867,1.0000,79.9784,0.3572,93.7000,55.0318,0.1764,9.3883,100.0000,0.0657,0.0884,18.6161,1.0000,0.1433,123.8000,4100.0160,2.2965,4827.7603,18.5866,0.0405,3.1816,1.0000,72.9506,0.0593,3.1999,0.0032,81.8050,0.1968,3.7183,1.0000,100.0015,0.1388,2.3970,1.0000,12.1335,0.0696,2.2356,1.0000,52.0853,0.1803,5.3887,1.0000,4416.0815,27.0,68.5,22.9,58.3
2018-09-11,利群(新版)烟丝,053 ,3499.8502,4.1268,4001.1592,17.3540,0.7776,49.8608,0.5865,0.6475,0.9740,59.9980,0.2602,3.8404,1.0000,220.7000,3999.4388,3.8935,4680.8052,16.2759,0.1322,4.3483,1.0000,18.8008,0.1075,3.0992,1.0000,38.1873,0.1930,4.8579,1.0000,80.0010,0.4325,93.6000,54.0956,0.5627,2.4262,100.0000,0.0512,0.0702,23.4824,1.0000,0.0172,142.3000,4100.0200,2.0761,4838.8486,18.7513,0.0501,2.9858,1.0000,73.2550,0.0661,3.2086,0.0053,80.7939,0.3106,2.9983,1.0000,99.9907,0.1026,3.2191,1.0000,12.2287,0.0482,2.5701,1.0000,50.8986,0.3670,1.7243,1.0000,4407.6689,27.0,67.4,22.8,59.4
2018-09-11,利群(新版)烟丝,054 ,3499.6333,4.0634,4001.9648,17.5019,0.9270,50.2876,0.5336,0.4450,0.9091,59.9601,0.2941,3.3545,1.0000,220.7000,4000.2225,3.8676,4679.2090,16.5288,0.1268,3.8666,1.0000,18.7606,0.0947,3.3807,1.0000,38.1222,0.2102,4.5642,1.0000,79.9712,0.2629,93.6000,55.1593,0.1619,9.9643,100.0000,0.0510,0.0664,24.8578,1.0000,0.0169,124.1000,4099.8315,1.8910,4833.7163,18.7190,0.0494,3.2427,1.0000,73.0529,0.0365,3.2009,0.0049,81.4019,0.1504,5.7581,1.0000,99.9904,0.0879,3.7560,1.0000,12.2787,0.0441,2.4280,1.0000,51.2152,0.2365,3.1226,1.0000,4419.8169,27.0,68.3,23.0,58.5
2018-09-11,利群(新版)烟丝,055 ,3499.7945,4.2038,3999.0068,17.1422,1.0000,50.3378,0.5520,0.3998,0.8848,59.9302,0.3760,2.5977,1.0000,220.5000,4000.0512,3.5301,4674.3242,16.2571,0.1152,5.0412,1.0000,18.7613,0.0886,3.6163,1.0000,37.6695,0.1632,5.4510,1.0000,80.0348,0.4512,93.4500,55.3379,0.6539,2.3764,100.0000,0.0609,0.0826,19.9321,1.0000,0.0390,138.7000,4099.9374,2.0997,4846.2183,18.7085,0.0448,3.6587,1.0000,72.6550,0.2869,3.1611,0.0357,80.8886,0.2386,4.0359,1.0000,100.0067,0.1325,2.4987,1.0000,12.3728,0.1871,0.4047,0.8876,51.3986,0.2809,2.8465,1.0000,4435.8081,27.0,67.3,23.1,58.1
2018-09-11,利群(新版)烟丝,056 ,3500.3343,4.1801,4005.1829,17.0750,0.9549,50.1760,0.4963,0.5535,0.9516,59.9641,0.4297,2.2995,1.0000,220.9000,4000.1039,3.4154,4677.6108,16.2967,0.1111,5.1082,1.0000,18.7185,0.0906,3.3798,1.0000,37.6106,0.0988,8.8065,1.0000,79.9803,0.1714,93.5500,56.5932,0.1855,6.1232,100.0000,0.0650,0.0744,22.1094,1.0000,0.0024,136.6000,4099.9662,2.1228,4838.0327,18.6355,0.0495,2.9314,1.0000,72.7333,0.1202,3.2026,0.0134,80.8932,0.1960,4.9208,1.0000,99.9950,0.0921,3.5997,1.0000,12.0836,0.0595,2.7106,1.0000,51.9081,0.2151,4.5075,1.0000,4415.9429,27.1,68.4,23.0,58.1
2018-09-11,利群(新版)烟丝,057 ,3499.9201,4.0181,4001.9233,16.9742,0.9246,50.1041,0.4880,0.6120,0.9668,60.0049,0.2982,3.3477,1.0000,220.7000,3999.6163,3.7064,4690.3267,16.2564,0.1159,5.0140,1.0000,18.7102,0.0889,3.4119,1.0000,37.6686,0.1056,8.4257,1.0000,79.9546,0.3283,93.8500,54.7833,0.5528,2.8842,100.0000,0.0537,0.0718,22.9687,1.0000,0.0463,138.8000,4100.0246,1.7618,4817.1636,18.6336,0.0498,2.9013,1.0000,72.6982,0.1877,3.2046,0.0127,80.8118,0.5153,1.8189,1.0000,99.9930,0.1113,2.9738,1.0000,12.1384,0.1167,1.3187,1.0000,52.2057,0.4105,2.2692,1.0000,4384.0269,26.9,67.9,23.0,58.5
2018-09-12,利群(新版)烟丝,058 ,3500.1056,4.0128,4004.5798,16.9945,1.0178,49.7370,0.5500,0.7654,0.9892,60.0871,0.3172,3.0606,1.0000,220.7000,4000.0231,3.9793,4677.2842,16.4314,0.1245,4.2010,1.0000,18.5773,0.0986,2.6266,1.0000,37.9270,0.3057,3.1920,1.0000,79.9536,0.4242,93.6500,55.1310,0.3098,5.2389,100.0000,0.0552,0.0710,23.2052,1.0000,0.1115,126.1000,4100.0206,1.6864,4844.2090,18.6669,0.0438,3.5501,1.0000,72.7198,0.1595,3.2001,0.0153,81.3492,0.1867,4.7325,1.0000,100.0014,0.1169,2.8462,1.0000,12.2017,0.0484,2.7448,1.0000,52.7151,0.2660,2.8635,1.0000,4434.4238,27.2,68.4,23.0,58.5
2018-09-12,利群(新版)烟丝,059 ,3499.8729,3.7217,4004.8679,16.9761,0.8426,49.8935,0.4707,0.7835,0.9906,59.9372,0.3507,2.7917,1.0000,220.8000,4000.1271,3.5013,4678.3794,16.3501,0.1160,4.7402,1.0000,18.6769,0.1633,1.7903,1.0000,38.3379,0.0769,11.5423,1.0000,79.9548,0.3062,93.6500,54.1065,0.3605,3.7966,100.0000,0.0512,0.0694,23.7794,1.0000,0.0881,135.5000,4099.9877,1.9524,4833.0674,18.6023,0.0434,3.0891,1.0000,72.7281,0.0438,3.1990,0.0032,81.5383,0.1654,4.9622,1.0000,99.9978,0.0991,3.3563,1.0000,12.1902,0.0556,2.4548,1.0000,52.5157,0.1844,4.4905,1.0000,4416.6860,27.0,68.3,22.9,58.8
2018-09-12,利群(新版)烟丝,060 ,3500.3540,4.2029,4002.4355,17.0221,0.9099,49.9055,0.5135,0.7104,0.9835,59.9346,0.2991,3.2706,1.0000,220.6000,4000.5527,3.5327,4683.3262,16.4688,0.1218,4.1914,1.0000,18.6558,0.1148,2.4841,1.0000,38.3973,0.1438,6.0316,1.0000,79.9553,0.2729,93.7000,56.4120,0.1970,6.0702,100.0000,0.0615,0.0842,19.5482,1.0000,0.0358,127.7000,4100.0848,1.9368,4891.4834,18.6357,0.0471,3.0854,1.0000,72.5893,0.1679,3.1990,0.0140,81.3886,0.2325,3.7441,1.0000,99.9933,0.1376,2.4067,1.0000,12.1976,0.0558,2.4030,1.0000,52.4607,0.2630,3.2184,1.0000,4474.0820,27.0,68.0,22.9,58.4
2018-09-12,利群(新版)烟丝,061 ,3500.0769,3.7293,4002.5806,17.0358,0.8578,49.9249,0.5286,0.6779,0.9790,59.9010,0.3481,2.7780,1.0000,220.8000,3999.4977,3.6909,4675.9492,16.3845,0.1152,4.6730,1.0000,18.6527,0.2071,1.3727,1.0000,38.2778,0.1228,7.3910,1.0000,79.9504,0.4103,93.6000,55.1944,0.6477,2.4731,100.0000,0.0571,0.0613,26.8848,1.0000,0.0866,129.7000,4100.1876,1.9380,4798.8091,18.6114,0.0615,2.2284,1.0000,72.9482,0.1487,3.2018,0.0132,81.0374,0.3234,3.0534,1.0000,100.0113,0.1629,2.0236,1.0000,12.1447,0.0888,1.7086,1.0000,51.3537,0.6653,1.1792,0.9998,4380.9092,27.1,67.9,23.1,58.2
2018-09-12,利群(新版)烟丝,062 ,3499.8459,3.9786,4003.0884,16.8990,1.0483,50.0999,0.5511,0.5444,0.9488,59.8764,0.5377,1.7833,1.0000,220.7000,3999.3962,3.4824,4682.7861,16.2867,0.1254,4.5525,1.0000,18.7187,0.1206,2.5390,1.0000,38.2324,0.1237,7.4561,1.0000,79.9973,0.2865,93.6000,56.4216,0.1817,6.5660,100.0000,0.0642,0.0866,18.9875,1.0000,0.0595,139.3000,4100.0214,1.7890,4848.5098,18.7382,0.0486,3.1691,1.0000,72.8412,0.1539,3.1962,0.0107,81.6842,0.1561,4.9457,1.0000,100.0009,0.1406,2.3693,1.0000,12.2385,0.0692,1.7413,1.0000,51.5903,0.3380,2.5547,1.0000,4430.6636,26.9,68.3,23.0,58.2
2018-09-12,利群(新版)烟丝,063 ,3499.7584,4.1447,4000.9724,16.8852,0.9909,50.2787,0.5041,0.4769,0.9238,59.8986,0.4355,2.2183,1.0000,220.7000,3999.8900,3.5216,4678.6533,16.2179,0.1331,4.4620,1.0000,18.6383,0.1085,2.5756,1.0000,38.0708,0.1860,5.2500,1.0000,79.9421,0.4537,93.7000,53.9659,0.2305,5.7360,100.0000,0.0596,0.0779,21.1304,1.0000,0.1357,134.9000,4100.0809,1.8279,4834.4985,18.6462,0.0480,3.0966,1.0000,72.7882,0.1462,3.1980,0.0097,81.6310,0.3120,2.5311,1.0000,100.0114,0.1297,2.5403,1.0000,12.1517,0.1109,1.3475,1.0000,52.4591,0.4432,1.9110,1.0000,4413.9707,27.0,67.6,23.0,58.3
2018-09-12,利群(新版)烟丝,064 ,3499.9945,4.0947,3981.9602,17.1089,1.1231,50.4730,0.6268,0.2803,0.7998,59.9206,0.3609,2.6975,1.0000,219.7000,4000.2581,3.4611,4679.7632,16.2937,0.1211,4.6983,1.0000,18.6896,0.1008,2.9427,1.0000,37.9884,0.1329,7.4970,1.0000,79.9348,0.4550,93.7000,54.4145,0.1451,10.1422,100.0000,0.0533,0.0653,25.2403,1.0000,0.1119,135.9000,4100.0615,1.9068,4838.2217,18.6462,0.0404,3.6800,1.0000,72.7338,0.1577,3.1949,0.0125,82.0351,0.1826,3.5879,1.0000,100.0110,0.1320,2.4976,1.0000,12.1399,0.0989,1.5509,1.0000,52.4287,0.2810,3.0499,1.0000,4419.4976,27.0,68.0,23.1,58.3
2018-09-12,利群(新版)烟丝,065 ,3499.9807,3.5258,4004.7595,17.2913,0.9401,50.2536,0.5856,0.4248,0.8988,59.9895,0.2642,3.7712,1.0000,220.9000,3999.7231,3.7932,4693.5439,16.3536,0.1096,5.0059,1.0000,18.7141,0.0742,4.1077,1.0000,37.8270,0.1165,8.0861,1.0000,79.9755,0.2801,93.9000,54.0305,0.3594,3.7377,100.0000,0.0596,0.0775,21.2573,1.0000,0.0310,135.5000,4099.7863,2.0737,4853.7383,18.7212,0.0512,3.1188,1.0000,72.7618,0.0836,3.1911,0.0074,81.5610,0.2620,3.1036,1.0000,99.9882,0.1411,2.3349,1.0000,12.1453,0.0599,2.5292,1.0000,52.3409,0.2893,3.0638,1.0000,4424.8389,27.0,68.7,22.9,58.2
2018-09-13,利群(新版)烟丝,066 ,3500.1502,3.7887,4000.1125,17.2996,0.9247,49.6385,0.5665,0.8011,0.9919,60.0629,0.5031,1.9460,1.0000,220.7000,4000.6469,3.9635,4664.4019,16.4466,0.1070,4.8371,1.0000,18.6402,0.0847,3.3056,1.0000,38.2236,0.2946,3.1412,1.0000,79.9925,0.2916,93.3500,55.5182,0.2474,6.0396,100.0000,0.0593,0.0735,22.4081,1.0000,0.0664,126.1000,4099.7715,1.8780,4826.8545,18.6968,0.0467,3.5477,1.0000,72.7435,0.1548,3.2007,0.0149,82.1151,0.1698,3.6995,1.0000,100.0162,0.1474,2.2242,1.0000,12.2045,0.0573,2.3021,1.0000,52.2836,0.2884,3.1398,1.0000,4410.1187,26.9,67.6,23.1,58.1
2018-09-13,利群(新版)烟丝,067 ,3500.2091,3.9776,4001.3779,17.2590,0.9969,50.0218,0.5788,0.5634,0.9545,59.9357,0.3495,2.8001,1.0000,220.7000,4000.2362,3.4392,4693.9438,16.3987,0.1094,4.8791,1.0000,18.6823,0.1063,2.7677,1.0000,38.4789,0.1148,7.3172,1.0000,79.9718,0.2367,93.9500,54.2980,0.5073,2.8240,100.0000,0.0576,0.0748,22.0245,1.0000,0.0758,130.2000,4099.7916,1.6391,4859.8882,18.7369,0.0390,3.9572,1.0000,72.6379,0.1446,3.2012,0.0137,82.1319,0.2345,2.6557,1.0000,99.9900,0.0922,3.5802,1.0000,12.1222,0.0615,2.5876,1.0000,52.0261,0.2164,4.5815,1.0000,4433.1880,27.1,68.8,23.1,58.3
2018-09-13,利群(新版)烟丝,068 ,3500.2619,3.8629,4004.6060,17.1150,0.8941,50.1232,0.5518,0.5296,0.9440,59.9036,0.3518,2.7509,1.0000,220.8000,3999.4271,3.9479,4688.5420,16.2736,0.1208,4.7650,1.0000,18.6889,0.1448,2.0469,1.0000,38.1784,0.2594,3.6260,1.0000,80.0153,0.1498,93.8500,56.2134,0.1715,7.3616,100.0000,0.0620,0.0768,21.4246,1.0000,0.0844,139.6000,4100.1031,1.8730,4851.0488,18.7579,0.0427,3.4472,1.0000,73.0355,0.1474,3.2059,0.0104,81.3073,0.4229,2.1224,1.0000,100.0050,0.1284,2.5834,1.0000,12.1530,0.0683,2.1809,1.0000,51.2636,0.5652,1.3351,1.0000,4423.1548,27.1,68.1,22.9,58.3
2018-09-13,利群(新版)烟丝,069 ,3499.9613,3.9015,4005.9058,17.2889,0.8258,50.1364,0.5775,0.4984,0.9326,59.8750,0.5340,1.7948,1.0000,220.9000,4000.2061,4.0616,4695.9531,16.3218,0.1178,4.7470,1.0000,18.7324,0.1108,2.8060,1.0000,38.2744,0.1024,8.8717,1.0000,79.9461,0.4254,93.9500,54.9350,0.6211,2.6486,100.0000,0.0575,0.0743,22.1608,1.0000,0.0329,135.5000,4099.8588,1.9153,4845.6450,18.7706,0.0446,3.2057,1.0000,72.8478,0.0266,3.1888,0.0045,82.4793,0.1831,2.7684,1.0000,99.9933,0.1129,2.9336,1.0000,12.2323,0.0772,1.5879,1.0000,52.7302,0.2560,2.9555,1.0000,4424.2051,27.1,68.2,22.9,58.4
2018-09-13,利群(新版)烟丝,070 ,3500.3132,4.0157,4001.7952,17.3276,1.1474,50.1762,0.5480,0.5010,0.9336,59.9367,0.3774,2.5941,1.0000,220.6000,3999.9640,3.5371,4564.1050,16.2977,0.1141,4.9752,1.0000,18.6740,0.1019,2.8579,1.0000,38.1192,0.0866,11.0857,1.0000,80.0313,0.3923,91.3000,56.1215,0.1583,8.1679,100.0000,0.0528,0.0726,22.7211,1.0000,0.0196,131.3000,4099.9409,1.7705,4717.8032,18.7229,0.0402,3.9540,1.0000,72.7971,0.0855,3.1936,0.0047,80.9425,0.2506,3.9135,1.0000,100.0016,0.1306,2.5481,1.0000,12.1523,0.0908,1.6440,1.0000,52.0617,0.4123,2.3754,1.0000,4304.6392,26.9,67.8,23.0,58.4
2018-09-13,利群(新版)烟丝,071 ,3499.8190,4.0671,4004.1187,14.2463,7.1637,48.7182,3.5221,0.2160,0.5959,59.9360,0.4078,2.4001,1.0000,221.0000,4000.1782,3.6572,4799.7275,16.2605,0.1052,5.5094,1.0000,18.6934,0.1056,2.8207,1.0000,37.9367,0.1062,9.2203,1.0000,79.9912,0.2341,96.1000,54.5119,0.5556,2.7069,100.0000,0.0443,0.0601,27.5016,1.0000,0.1099,137.8000,4100.0202,1.6704,4959.3657,18.6981,0.0443,3.7499,1.0000,72.8795,0.0000,3.2056,0.0038,81.4355,0.1538,5.5584,1.0000,100.0030,0.1352,2.4588,1.0000,12.1766,0.0691,2.0409,1.0000,52.8657,0.3098,2.2967,1.0000,4532.0615,27.0,68.0,23.0,58.0
2018-09-13,利群(新版)烟丝,072 ,3500.2961,4.4593,4006.5720,17.4375,0.9299,50.0616,0.5985,0.5226,0.9415,59.9462,0.2652,3.7031,1.0000,220.8000,3999.6023,3.4674,4695.0908,16.3208,0.1219,4.5922,1.0000,18.6921,0.0982,3.0274,1.0000,38.0971,0.3308,2.9247,1.0000,80.0257,0.2396,93.9000,55.4650,0.6706,2.2543,100.0000,0.0742,0.0957,17.1654,1.0000,0.0019,133.8000,4099.8099,1.9607,4861.7441,18.6567,0.0444,3.4314,1.0000,73.0429,0.1819,3.2029,0.0114,81.1459,0.2600,3.6585,1.0000,100.0080,0.1193,2.7720,1.0000,12.1416,0.0971,1.5736,1.0000,52.2203,0.3180,2.9136,1.0000,4435.6294,27.2,67.6,23.0,58.1
2018-09-14,利群(新版)烟丝,073 ,3500.1302,3.9720,4002.0486,17.3504,1.1337,49.3674,0.5178,1.0510,0.9992,60.1091,0.5100,1.8896,1.0000,220.7000,3999.5357,3.9740,4676.4312,16.4500,0.1309,3.9456,1.0000,18.6284,0.1416,1.9507,1.0000,38.0379,0.1999,4.9396,1.0000,80.0129,0.2055,93.5000,55.2415,0.2674,5.9323,100.0000,0.0565,0.0733,22.4690,1.0000,0.0306,122.5000,4100.2077,1.5867,4835.2856,18.7252,0.0427,3.7081,1.0000,72.8817,0.0137,3.1977,0.0029,81.5916,0.1386,5.7939,1.0000,100.0001,0.1398,2.3836,1.0000,12.1295,0.0820,1.9123,1.0000,52.0332,0.3965,2.4941,1.0000,4414.9790,27.1,68.2,23.0,58.3
2018-09-14,利群(新版)烟丝,074 ,3500.8156,7.7378,4001.7930,17.3201,1.0127,49.8932,0.4781,0.7716,0.9897,59.9595,0.2663,3.7050,1.0000,220.7000,3999.7462,3.7704,4690.9546,16.2987,0.1113,5.0968,1.0000,18.6461,0.0804,3.5084,1.0000,38.0006,0.0728,13.7417,1.0000,79.9743,0.2298,93.9000,54.4440,0.5182,2.8584,100.0000,0.0579,0.0761,21.6545,1.0000,0.0862,133.6000,4099.7764,1.6161,4859.3213,18.7490,0.0440,3.4201,1.0000,72.7745,0.0395,3.2030,0.0048,81.6876,0.1963,3.9271,1.0000,100.0134,0.1649,1.9942,1.0000,12.1167,0.0790,2.0395,1.0000,52.0546,0.3551,2.7646,1.0000,4432.0400,26.9,68.2,23.0,58.6
2018-09-14,利群(新版)烟丝,075 ,3499.8592,3.8337,3997.2258,17.1260,0.7955,50.1031,0.4764,0.6275,0.9701,59.9464,0.2795,3.5136,1.0000,220.4000,3999.5700,3.7310,4691.8726,16.2372,0.1104,5.3208,1.0000,18.6384,0.0885,3.1595,1.0000,37.9398,0.1176,8.3327,1.0000,80.0441,0.3704,94.0000,56.8687,1.1213,0.9309,100.0000,0.0639,0.0906,18.1530,1.0000,0.1732,138.3000,4100.0546,1.6225,4842.8057,18.7128,0.0391,4.1548,1.0000,72.7446,0.0007,3.2020,0.0029,81.6263,0.2097,3.7734,1.0000,100.0006,0.1411,2.3617,1.0000,12.1086,0.0688,2.3799,1.0000,52.0295,0.3208,3.0864,1.0000,4422.8794,27.1,68.3,23.0,60.4
2018-09-14,利群(新版)烟丝,076 ,3500.0823,3.8026,4000.4214,17.1690,0.8475,50.1501,0.5614,0.5046,0.9350,59.9202,0.3623,2.6864,1.0000,220.7000,4000.1069,3.7973,4683.2578,16.2595,0.1130,5.1354,1.0000,18.6063,0.0858,3.1313,1.0000,38.2725,0.0858,10.6015,1.0000,80.0444,0.2994,93.6500,54.2710,0.3128,4.5520,100.0000,0.0568,0.0700,23.5511,1.0000,0.0162,134.7000,4099.8862,1.7848,4838.7080,18.6745,0.0475,3.3275,1.0000,72.9838,0.0000,3.2039,0.0027,81.6848,0.2349,3.2850,1.0000,100.0058,0.1475,2.2470,1.0000,12.0568,0.0755,2.0180,1.0000,52.3869,0.2149,4.0538,1.0000,4414.2915,27.0,68.2,23.0,57.7
2018-09-14,利群(新版)烟丝,077 ,3499.8680,3.9685,4004.7083,17.2679,1.0173,50.2012,0.5644,0.4718,0.9215,59.9990,0.2795,3.5767,1.0000,220.9000,3999.8685,3.7847,4697.6377,16.4038,0.1155,4.6081,1.0000,18.6881,0.0827,3.5795,1.0000,38.0347,0.1186,8.3377,1.0000,79.9719,0.2457,93.9500,54.8972,0.5304,3.0779,100.0000,0.0413,0.0486,33.9951,1.0000,0.0029,129.3000,4099.6444,1.7547,4899.8315,18.7639,0.0576,2.5219,1.0000,72.7442,0.0408,3.1906,0.0042,81.7942,0.2053,3.5810,1.0000,100.0073,0.1801,1.8374,1.0000,12.1294,0.0554,2.8303,1.0000,52.3661,0.4098,2.1426,1.0000,4473.8403,27.1,67.7,23.1,58.4
