日期,品牌号,批次号,松散回潮皮带秤实时流量均值,松散回潮皮带秤SD,松散回潮皮带秤累计值,松散回潮出口水分均值,松散回潮出口水分SD,松散回潮出口温度均值,松散回潮出口温度SD,松散回潮出口温度CPK,松散回潮出口温度P,松散回潮回风温度均值,松散回潮回风温度SD,松散回潮回风温度CPK,松散回潮回风温度P值,松散回潮累计加水量,润叶加料皮带秤实时流量均值,润叶加料皮带秤SD,润叶加料皮带秤累计值,润叶加料入口水分均值,润叶加料入口水分SD,润叶加料入口水分CPK,润叶加料入口水分P,润叶加料出口水分均值,润叶加料出口水分SD,润叶加料出口水分CPK,润叶加料出口水分P,润叶加料出口温度均值,润叶加料出口温度SD,润叶加料出口温度CPK,润叶加料出口温度P,润叶加料料液流量实时流量均值,润叶加料料液流量流量SD,润叶加料料液流量累计加料量,润叶加料料液温度均值,润叶加料料液温度SD,润叶加料料液温度CPK,润叶加料料液温度P,润叶加料瞬时精度均值,润叶加料瞬时精度SD,润叶加料瞬时精度CPK,润叶加料瞬时精度P,润叶加料累计精度,润叶加料累计加水量,sirox增温增湿皮带秤实时流量均值,sirox增温增湿皮带秤SD,sirox增温增湿皮带秤累计值,sirox增温增湿sirox入口水分均值,sirox增温增湿sirox入口水分SD,sirox增温增湿sirox入口水分CPK,sirox增温增湿sirox入口水分P,sirox增温增湿sirox蒸汽薄膜阀开度均值,sirox增温增湿sirox蒸汽阀门开度SD,sirox增温增湿sirox蒸汽质量流量均值,sirox增温增湿sirox蒸汽质量流量SD,sirox增温增湿sirox蒸汽体积流量均值,sirox增温增湿sirox蒸汽体积流量SD,sirox增温增湿sirox蒸汽减压阀后压力均值,sirox增温增湿sirox蒸汽减压阀后压力SD,sirox增温增湿sirox蒸汽喷射蒸汽压力均值,sirox增温增湿sirox蒸汽喷射蒸汽压力SD,sirox增温增湿sirox出口温度均值,sirox增温增湿sirox出口温度SD,sirox增温增湿sirox出口温度CPK,sirox增温增湿sirox出口温度P,kld烘丝热风风速均值,kld烘丝热风风速SD,kld烘丝热风风机频率,kld烘丝风门开度均值,kld烘丝风门开度SD,kld烘丝排潮风门开度均值,kld烘丝排潮风门SD,kld烘丝排潮负压均值,kld烘丝排潮负压SD,kld烘丝筒壁温度均值,kld烘丝筒壁温度SD,kld烘丝筒壁温度CPK,kld烘丝筒壁温度合格率,kld烘丝热风温度均值,kld烘丝热风温度SD,kld烘丝热风温度CPK,kld烘丝热风温度P,kld烘丝烘后水分均值,kld烘丝烘后水分SD,kld烘丝烘后水分CPK,kld烘丝烘后水分P,kld烘丝烘后温度均值,kld烘丝烘后温度SD,kld烘丝烘后温度CPK,kld烘丝烘后温度P,叶丝重量,储叶房温度,储叶房湿度,储丝房温度,储丝房湿度
2020-02-15,利群(新版)烟丝,001 ,4000.4152,4.9706,3990.6577,19.1185,0.7108,59.7136,0.6795,1.3312,1.0000,62.8274,0.5181,1.8190,1.0000,233.0000,4199.5540,5.3063,4751.7305,17.3457,0.1334,1.6345,1.0000,19.4117,0.3399,0.5770,0.9583,37.4752,1.1714,0.7043,0.9814,83.9966,0.2861,95.1000,54.9342,0.6712,1.4571,100.0000,0.0871,0.1759,9.3107,1.0000,0.0691,62.7000,3999.8515,2.0396,4793.0674,18.4080,0.0512,2.6561,1.0000,35.7357,0.0247,419.9787,0.2834,132.7578,0.1227,5.0195,0.0043,1.2041,0.0020,81.3156,0.1738,5.1493,1.0000,0.3201,0.0011,0.0000,62.8301,0.4522,60.2609,0.3708,-20.0991,1.5365,134.4546,0.6387,0.8065,100.0000,100.0029,0.1521,2.1848,1.0000,12.2354,0.0650,2.3821,1.0000,58.4616,0.5273,1.5561,1.0000,4299.1348,26.8,67.9,22.9,60.0
2020-02-15,利群(新版)烟丝,002 ,4000.5541,4.5136,3987.6902,19.6866,0.6839,59.8782,0.5745,1.6701,1.0000,62.8976,0.3922,2.4624,1.0000,240.2000,4200.2758,5.2177,4775.0806,17.7991,0.1462,0.4581,0.9153,19.3994,0.1268,1.5790,1.0000,38.7172,0.5021,1.5155,1.0000,84.0177,0.3904,95.5500,53.5081,0.2893,1.7378,100.0000,0.1119,0.1930,8.4427,1.0000,0.0543,55.1000,3999.7470,2.4776,4797.0562,18.4094,0.0554,2.4624,1.0000,35.7477,0.0158,420.0364,0.3108,133.9558,0.1275,4.9627,0.0026,1.2167,0.0024,81.3176,0.1972,4.5351,1.0000,0.3202,0.0011,0.0000,61.1611,0.6816,60.0773,0.4512,-20.1605,1.2846,133.7269,0.4296,1.7638,100.0000,100.0023,0.2067,1.6085,1.0000,12.2256,0.0910,1.7381,1.0000,58.7856,0.4648,1.9976,1.0000,4307.7827,26.7,67.2,23.0,59.9
2020-02-15,利群(新版)烟丝,003 ,4000.5051,5.6903,3992.6355,19.5883,0.7586,60.4036,0.2682,3.2264,1.0000,63.2358,0.4906,1.8780,1.0000,240.4000,4200.3176,4.3440,4778.9336,17.5705,0.1220,1.1735,0.9998,19.3900,0.0845,2.4071,1.0000,38.8169,0.2436,2.9868,1.0000,84.0294,0.3103,95.6000,55.4360,0.7445,1.1480,100.0000,0.0980,0.1614,10.1231,1.0000,0.0348,66.3000,4000.1568,2.1051,4799.5054,18.4397,0.0540,2.7128,1.0000,34.0438,0.0272,419.9349,0.3017,133.8055,0.1220,4.9726,0.0029,1.2257,0.0022,80.1961,0.1309,5.5921,1.0000,0.3199,0.0009,0.0000,62.8924,0.1831,60.0867,0.3898,-20.1142,1.6557,135.4973,0.5019,0.3339,100.0000,99.9997,0.2129,1.5650,1.0000,12.2215,0.1273,1.2528,0.9999,58.5783,0.6301,1.3640,1.0000,4319.6133,26.9,67.8,23.1,59.9
2020-02-15,利群(新版)烟丝,004 ,3999.9691,5.0337,3990.7664,19.7211,0.6581,60.3926,0.2314,3.7563,1.0000,63.2205,0.4617,2.0066,1.0000,240.3000,4199.0863,4.2039,4759.7666,17.6602,0.1267,0.8939,0.9963,19.3998,0.0976,2.0491,1.0000,39.0934,0.1604,3.9625,1.0000,83.9956,0.2519,95.3000,55.2204,0.7770,1.1925,100.0000,0.0872,0.1740,9.4133,1.0000,0.1100,63.7000,4000.1925,2.3920,4832.4165,18.4289,0.0612,2.3346,1.0000,34.0770,0.0166,419.9940,0.3245,134.0279,0.1203,4.9628,0.0019,1.2296,0.0023,80.1142,0.2781,2.5338,1.0000,0.3199,0.0011,0.0000,62.6576,0.2773,60.1820,0.2978,-20.1661,1.5682,135.0145,0.3030,1.0841,100.0000,99.9988,0.1776,1.8747,1.0000,12.1707,0.1393,1.1262,0.9996,58.8811,0.4302,2.2323,1.0000,4339.8506,26.5,67.9,23.2,60.1
2020-02-16,利群(新版)烟丝,005 ,3999.3525,5.0199,3993.7083,19.7532,0.7322,60.1877,0.3261,2.8749,1.0000,63.3080,0.5871,1.5284,1.0000,240.4000,4200.1855,5.0185,4740.2075,17.7967,0.1396,0.4855,0.9274,19.3992,0.1090,1.8371,1.0000,37.9963,0.1729,5.7759,1.0000,84.0578,0.4788,94.8500,55.6313,0.3247,2.4313,100.0000,0.1040,0.2210,7.3835,1.0000,0.0484,52.5000,4000.0267,2.4168,4778.5811,18.5118,0.0500,3.2547,1.0000,34.8284,0.0345,420.0013,0.3375,134.6081,0.1221,4.9348,0.0015,1.2442,0.0022,80.3460,0.1311,5.9630,1.0000,0.3198,0.0009,0.0000,63.1385,0.1215,59.9955,0.3566,-20.2116,1.8523,132.5462,0.5029,1.6877,100.0000,100.0040,0.1956,1.6970,1.0000,12.1880,0.1661,0.9791,0.9973,58.7453,0.3427,2.6705,1.0000,4291.6265,26.8,67.8,22.5,60.2
2020-02-16,利群(新版)烟丝,006 ,3999.9953,5.2606,3992.9966,19.5590,0.6019,60.1165,0.4529,2.1224,1.0000,62.9787,0.2995,3.3149,1.0000,240.4000,4199.6177,5.2145,4759.5186,17.6503,0.1475,0.7904,0.9911,19.3915,0.0737,2.7521,1.0000,38.1361,0.2718,3.5117,1.0000,84.0171,0.2757,95.2500,55.1343,0.7354,1.2990,100.0000,0.0838,0.1303,12.5810,1.0000,0.0626,62.9000,4000.1447,2.0844,4819.6548,18.4470,0.0625,2.3851,1.0000,35.6996,0.0126,420.0017,0.2443,134.6660,0.0898,4.9322,0.0013,1.2345,0.0020,79.8972,0.2151,2.9405,1.0000,0.3200,0.0010,0.0000,62.9933,0.1101,59.7586,0.3217,-20.1916,1.8475,131.7633,0.4664,1.2602,100.0000,100.0017,0.1981,1.6794,1.0000,12.0913,0.1389,0.9390,0.9976,58.8912,0.3085,3.1241,1.0000,4327.2192,26.7,68.0,22.6,60.3
2020-02-16,利群(新版)烟丝,007 ,3999.2455,11.3547,4000.5862,19.5020,0.5697,60.1496,0.4087,2.3249,1.0000,63.0569,0.3925,2.4992,1.0000,240.8000,4200.0331,4.5927,4747.3926,17.6344,0.1368,0.8911,0.9962,19.4070,0.0831,2.3795,1.0000,38.2649,0.1993,4.5736,1.0000,84.0366,0.2760,95.0500,55.3224,0.2103,4.2447,100.0000,0.0829,0.1579,10.3819,1.0000,0.1076,63.9000,3999.9639,1.8897,4816.1313,18.4444,0.0583,2.5389,1.0000,35.7200,0.0183,420.0064,0.2427,134.7764,0.0868,4.9277,0.0013,1.2353,0.0014,79.7826,0.1733,3.4294,1.0000,0.3200,0.0010,0.0000,62.6607,0.3525,59.9130,0.3844,-20.1170,1.3636,132.6829,0.4766,1.8766,100.0000,99.9998,0.1627,2.0477,1.0000,12.0848,0.1359,0.9440,0.9977,59.0633,0.2823,3.4677,1.0000,4322.7881,26.9,67.6,22.6,60.4
2020-02-16,利群(新版)烟丝,008 ,4000.2807,17.6308,4002.7156,19.5846,0.7193,60.1822,0.4075,2.3047,1.0000,63.0010,0.3277,3.0506,1.0000,241.1000,4200.2790,4.8820,4754.7554,17.7052,0.1231,0.7982,0.9917,19.3992,0.0812,2.4673,1.0000,38.5311,0.1160,7.0930,1.0000,83.9451,0.2939,95.2000,55.7425,0.6323,1.1900,100.0000,0.0676,0.0813,20.2270,1.0000,0.1103,61.8000,4000.0120,2.1181,4826.1489,18.4194,0.0553,2.5284,1.0000,35.7402,0.0147,420.0613,0.2926,134.8857,0.1083,4.9233,0.0014,1.2356,0.0019,79.8856,0.1546,4.0651,1.0000,0.3199,0.0010,0.0000,63.1079,0.1644,59.9184,0.3347,-20.2177,1.3261,132.9871,0.3311,3.0077,100.0000,99.9993,0.2084,1.5986,1.0000,12.0922,0.0868,1.5052,1.0000,59.1524,0.2592,3.6617,1.0000,4336.5640,26.8,68.2,22.5,60.3
2020-02-16,利群(新版)烟丝,009 ,3999.9058,5.0977,3992.5867,19.6511,0.6643,60.0888,0.4850,2.0007,1.0000,62.9550,0.2828,3.4836,1.0000,240.4000,4200.0677,4.4850,4746.9785,17.6249,0.1124,1.1124,0.9996,19.4196,0.0876,2.2092,1.0000,38.1715,0.3242,2.9082,1.0000,84.0020,0.2505,95.0000,54.3211,0.1857,4.1653,100.0000,0.0773,0.1506,10.8954,1.0000,0.0636,66.0000,3999.7992,2.2231,4821.2314,18.4555,0.0496,3.0585,1.0000,35.7277,0.0176,419.9783,0.2626,134.8457,0.1001,4.9239,0.0015,1.2351,0.0020,79.8308,0.2755,2.2155,1.0000,0.3201,0.0011,0.0000,61.9766,0.6037,59.9032,0.3609,-20.2509,1.6392,132.6834,0.5046,1.7726,100.0000,99.9972,0.2365,1.4053,1.0000,12.2267,0.1286,1.2265,0.9999,59.0173,0.2776,3.5819,1.0000,4333.0820,26.9,68.1,22.5,60.4
2020-02-16,利群(新版)烟丝,010 ,3999.2885,5.4965,3995.0437,19.5893,0.6527,60.1478,0.4041,2.3528,1.0000,62.9703,0.3205,3.0895,1.0000,240.5000,4199.4774,4.6195,4744.9238,17.5357,0.1309,1.1825,0.9998,19.4217,0.0937,2.0577,1.0000,37.8143,0.1279,7.3338,1.0000,84.0217,0.1819,94.9500,55.8369,0.7158,1.0073,100.0000,0.0703,0.0855,19.2238,1.0000,0.0543,70.5000,4000.2007,1.8943,4860.5820,18.4043,0.0478,2.8172,1.0000,35.7405,0.0136,419.9717,0.2651,134.9299,0.0964,4.9203,0.0014,1.2355,0.0017,80.0647,0.1920,3.5851,1.0000,0.3200,0.0013,0.0000,61.6950,0.6742,59.8613,0.3078,-20.1479,1.4843,132.7221,0.4794,1.8927,100.0000,99.9957,0.1920,1.7284,1.0000,12.2332,0.1408,1.1051,0.9995,59.0866,0.2441,3.9780,1.0000,4376.6689,26.7,68.1,22.5,60.3
2020-02-16,利群(新版)烟丝,011 ,4000.7698,4.8313,3985.5403,19.4677,0.8302,60.2336,0.2273,4.0560,1.0000,63.2537,0.6691,1.3680,1.0000,240.0000,4199.8831,4.4434,4745.4507,17.4098,0.1458,1.3490,1.0000,19.4402,0.1273,1.4659,1.0000,37.2025,0.9986,0.7352,0.9862,84.0069,0.1637,94.9500,53.9872,0.3159,2.0968,100.0000,0.0997,0.1754,9.3141,1.0000,0.0432,68.7000,3999.9654,2.1503,4818.2222,18.4841,0.0541,2.9826,1.0000,33.6804,0.0178,419.9926,0.3088,134.6283,0.1171,4.9339,0.0019,1.2159,0.0025,80.5508,0.6023,1.4116,1.0000,0.3198,0.0011,0.0000,62.8451,0.2119,60.4813,0.3675,-20.1869,1.4154,135.4098,0.4100,0.4798,100.0000,100.0096,0.1525,2.1646,1.0000,12.2212,0.1173,1.3603,1.0000,58.8791,0.4032,2.3800,1.0000,4323.4619,26.8,67.8,22.3,60.7
2020-02-16,利群(新版)烟丝,012 ,4000.4827,5.0635,3989.8264,19.5432,0.6991,60.0808,0.3867,2.5164,1.0000,62.9996,0.3137,3.1874,1.0000,240.2000,4200.5314,4.3619,4742.4531,17.4740,0.1221,1.4362,1.0000,19.4352,0.0790,2.3833,1.0000,38.0345,0.0518,19.0676,1.0000,83.9864,0.2698,94.9000,54.8998,0.2529,3.8217,100.0000,0.0881,0.1196,13.6930,1.0000,0.0537,67.6000,4000.1068,2.2260,4821.7070,18.4595,0.0541,2.8306,1.0000,33.6978,0.0172,419.9965,0.3357,134.6543,0.1179,4.9325,0.0011,1.2180,0.0020,81.1356,0.1497,6.3764,1.0000,0.3201,0.0011,0.0000,62.5571,0.5611,60.2097,0.3959,-20.2482,1.5228,134.3596,0.2459,2.2239,100.0000,100.0019,0.1843,1.8055,1.0000,12.2057,0.0778,2.1171,1.0000,59.2182,0.3538,2.6207,1.0000,4325.6338,26.7,68.2,22.4,60.6
2020-02-16,利群(新版)烟丝,013 ,4000.0895,4.7132,3993.7292,19.5273,0.7360,60.1799,0.3933,2.3901,1.0000,63.0219,0.3880,2.5585,1.0000,240.5000,4199.9742,4.3594,4753.9136,17.4312,0.1271,1.4920,1.0000,19.4565,0.0943,1.9216,1.0000,38.0683,0.1404,6.9612,1.0000,83.9938,0.2897,95.1500,57.0063,0.8397,0.3945,100.0000,0.0820,0.1597,10.2672,1.0000,0.0754,70.8000,4000.0022,2.3869,4851.4370,18.4743,0.0644,2.4562,1.0000,33.6985,0.0170,419.9478,0.3275,134.6289,0.1194,4.9327,0.0012,1.2202,0.0022,81.0712,0.2498,3.9077,1.0000,0.3199,0.0010,0.0000,62.6041,0.2586,60.0645,0.3423,-20.2106,1.3024,133.4313,0.2940,2.9121,100.0000,100.0049,0.1606,2.0653,1.0000,12.1893,0.1020,1.5995,1.0000,59.3848,0.3618,2.4095,1.0000,4348.0000,26.7,68.4,22.4,60.8
2020-02-17,利群(新版)烟丝,014 ,4000.5794,4.8666,3990.5837,19.7030,0.7732,60.3037,0.4480,2.0060,1.0000,63.0799,0.3580,2.7192,1.0000,240.7000,4199.9194,4.8080,4739.1450,17.6573,0.2151,0.5311,0.9445,19.4240,0.1085,1.7696,1.0000,38.0530,0.5356,1.8343,1.0000,84.0513,0.1564,94.9000,55.4676,0.3291,2.5646,100.0000,0.0837,0.1468,11.1667,1.0000,0.1235,59.4000,3999.8259,2.3857,4776.5791,18.5757,0.0507,2.7868,1.0000,33.9257,0.0171,420.0000,0.2968,134.5538,0.1039,4.9369,0.0013,1.2183,0.0019,81.0432,0.1923,5.1250,1.0000,0.3202,0.0010,0.0000,62.1742,0.4217,59.7906,0.4253,-20.1429,1.4028,132.8057,0.1429,6.5429,100.0000,99.9946,0.1740,1.9058,1.0000,12.1723,0.1269,1.2410,0.9999,59.4426,0.3807,2.2390,1.0000,4283.9199,27.0,67.8,22.7,61.1
2020-02-17,利群(新版)烟丝,015 ,3999.4636,4.9374,3995.3086,19.8302,0.7235,60.4866,0.4226,1.9825,1.0000,62.9925,0.2546,3.9177,1.0000,240.6000,4200.2589,3.8618,4752.6865,17.7577,0.1251,0.6453,0.9736,19.4337,0.0903,2.0903,1.0000,38.1967,0.1699,5.4992,1.0000,84.0247,0.2680,95.1000,55.2214,0.7364,1.2578,100.0000,0.0706,0.0868,18.9242,1.0000,0.0487,54.3000,3999.9522,2.4162,4865.9194,18.5446,0.0585,2.5937,1.0000,33.9407,0.0159,419.9845,0.2898,134.5101,0.1033,4.9386,0.0013,1.2200,0.0019,81.1863,0.1929,4.8634,1.0000,0.3199,0.0010,0.0000,62.7583,0.1706,59.7421,0.3187,-20.1409,1.6283,132.8642,0.3945,2.4198,100.0000,100.0001,0.1652,2.0175,1.0000,12.1836,0.1440,1.1197,0.9994,59.7664,0.3386,2.1987,1.0000,4364.4063,26.7,68.3,22.7,60.8
2020-02-17,利群(新版)烟丝,016 ,3999.3336,5.7856,3995.3401,19.3324,0.5745,59.9580,0.4356,2.2633,1.0000,63.0646,0.3084,3.1727,1.0000,240.7000,4200.3702,4.5160,4745.0659,17.5398,0.1233,1.2441,0.9999,19.4174,0.0833,2.3322,1.0000,38.0438,0.1087,9.0655,1.0000,83.9908,0.1187,95.0000,54.2327,0.2841,2.6196,100.0000,0.0816,0.1435,11.4209,1.0000,0.1040,69.1000,4000.1144,2.1957,4823.6816,18.4673,0.0562,2.7705,1.0000,35.5378,0.0144,419.9916,0.2502,133.4426,0.0880,4.9893,0.0016,1.1884,0.0017,80.9294,0.2198,4.4427,1.0000,0.3201,0.0013,0.0000,61.3999,0.6113,60.0640,0.2772,-20.1639,1.4322,134.9408,0.4254,0.8299,100.0000,100.0025,0.1773,1.8750,1.0000,12.1962,0.1244,1.3294,0.9999,59.3038,0.5844,1.5380,1.0000,4331.7134,26.8,67.4,22.6,60.9
2020-02-17,利群(新版)烟丝,017 ,4000.0809,5.1583,3984.9583,19.5212,0.7311,60.3129,0.2679,3.3436,1.0000,63.1766,0.4675,2.0130,1.0000,240.0000,4200.0845,4.6627,4746.5923,17.5670,0.1473,0.9802,0.9984,19.4298,0.0968,1.9636,1.0000,37.8600,0.4329,2.2024,1.0000,83.9925,0.1303,95.0000,54.2469,0.1851,4.0456,100.0000,0.0580,0.0662,24.8935,1.0000,0.0718,61.1000,4000.2797,2.4398,4807.3145,18.4219,0.1621,0.8678,0.9952,35.4365,0.0341,419.9988,0.2224,132.6970,0.0898,5.0260,0.0027,1.1860,0.0021,81.0550,0.1860,5.2765,1.0000,0.3204,0.0012,0.0000,61.5812,1.1088,59.8954,0.4251,-20.2669,1.4095,132.3783,0.7741,1.0241,100.0000,100.0087,0.2227,1.4840,1.0000,12.1723,0.1001,1.5722,1.0000,59.7073,0.3658,2.0892,1.0000,4081.0574,26.8,68.5,23.5,59.9
2020-02-17,利群(新版)烟丝,018 ,3999.4328,4.9653,3988.5884,19.4436,0.7952,59.9430,0.4556,2.1533,1.0000,62.9793,0.3123,3.1802,1.0000,240.1000,4200.3153,4.7013,4742.1719,17.6393,0.1131,1.0627,0.9993,19.4209,0.0950,2.0325,1.0000,38.2867,0.1299,6.9650,1.0000,84.0265,0.2277,94.9500,54.6725,0.4708,1.8922,100.0000,0.0487,0.0756,21.8454,1.0000,0.1124,59.4000,3999.7629,1.9888,4792.9614,18.4628,0.0555,2.7791,1.0000,35.4742,0.0147,420.0214,0.2821,132.7530,0.1060,5.0231,0.0015,1.1892,0.0020,81.6776,0.5390,1.4362,1.0000,0.3203,0.0012,0.0000,61.9087,0.7856,59.6656,0.3454,-20.1402,1.3497,131.9133,0.5114,1.2471,100.0000,100.0032,0.1887,1.7608,1.0000,12.1923,0.1105,1.4852,1.0000,59.6499,0.2998,2.6134,1.0000,4330.9448,26.8,67.9,23.6,59.9
2020-02-17,利群(新版)烟丝,019 ,4000.5123,5.5311,3986.9324,19.4777,0.7606,60.1761,0.4209,2.2363,1.0000,62.9754,0.3457,2.8692,1.0000,240.1000,4200.5782,4.4785,4740.7036,17.5736,0.1337,1.0632,0.9993,19.4311,0.0804,2.3574,1.0000,38.1968,0.2061,4.5332,1.0000,83.9868,0.1122,94.8500,54.7293,0.3033,2.9998,100.0000,0.0614,0.0664,24.7926,1.0000,0.0379,62.9000,3999.8848,1.9938,4794.3848,18.4345,0.0516,2.8072,1.0000,35.4795,0.0147,420.0112,0.2728,132.7733,0.0958,5.0220,0.0012,1.1847,0.0019,80.8849,0.3052,3.1511,1.0000,0.3203,0.0012,0.0000,61.5042,0.7685,59.6756,0.3215,-20.1398,1.3965,132.3851,0.5071,1.5678,100.0000,99.9996,0.1812,1.8385,1.0000,12.1183,0.0692,2.0149,1.0000,59.8437,0.3259,2.2053,1.0000,4336.1294,26.7,68.2,23.8,60.0
2020-02-17,利群(新版)烟丝,020 ,3999.6893,5.2101,3987.3572,19.5912,0.7219,60.3105,0.3236,2.7704,1.0000,63.1595,0.4095,2.3124,1.0000,240.1000,4199.8839,4.5071,4751.9419,17.5739,0.1477,0.9614,0.9980,19.4314,0.0946,2.0037,1.0000,37.9241,0.1373,7.0997,1.0000,83.9789,0.1513,95.1500,54.3335,0.4435,1.7539,100.0000,0.0888,0.1389,11.7862,1.0000,0.1170,59.5000,3999.8699,2.0600,4832.1299,18.4697,0.0572,2.7356,1.0000,35.4750,0.0149,420.0164,0.2938,132.7132,0.1057,5.0247,0.0014,1.1854,0.0020,81.1340,0.1051,9.0934,1.0000,0.3201,0.0012,0.0000,61.5534,0.9683,59.7824,0.3062,-20.0995,1.3068,133.4637,0.3436,2.4608,100.0000,100.0041,0.1388,2.3914,1.0000,12.1163,0.0666,2.0838,1.0000,60.1692,0.3028,2.0151,1.0000,4367.4961,26.7,68.4,23.8,59.9
2020-02-18,利群(新版)烟丝,021 ,3999.1663,9.9574,3995.7395,19.6196,0.7948,59.9860,0.5713,1.7421,1.0000,62.8371,0.4149,2.2795,1.0000,240.7000,4199.9894,5.0734,4720.3716,17.8328,0.1265,0.4403,0.9067,19.4071,0.0754,2.6203,1.0000,37.3511,0.1736,4.5138,1.0000,84.0035,0.2487,94.5000,55.1657,1.1680,0.8089,100.0000,0.0826,0.1448,11.3166,1.0000,0.0980,47.0000,3999.8341,1.9658,4781.5127,18.5250,0.0598,2.6499,1.0000,35.4693,0.0151,419.9460,0.2775,132.6700,0.0993,5.0264,0.0015,1.1785,0.0020,80.7949,0.2650,3.5155,1.0000,0.3203,0.0011,0.0000,61.8221,0.9081,59.6495,0.3437,-20.1844,1.6429,134.1116,0.4737,1.3288,100.0000,100.0071,0.1776,1.8633,1.0000,12.1210,0.1121,1.2515,0.9999,60.1974,0.3653,1.6448,1.0000,4324.7480,26.8,67.3,23.9,60.0
2020-02-18,利群(新版)烟丝,022 ,3999.9345,4.7030,3997.4680,19.6887,0.7695,60.0882,0.5735,1.6923,1.0000,62.9025,0.3936,2.4580,1.0000,240.8000,4199.6363,4.8962,4738.9604,17.8267,0.1280,0.4514,0.9121,19.4149,0.0815,2.3936,1.0000,38.1242,0.1229,7.8016,1.0000,84.0073,0.1003,94.8000,54.0761,0.6440,1.0745,100.0000,0.0509,0.0621,26.5446,1.0000,0.0219,50.0000,3999.7947,2.0935,4808.6675,18.5135,0.0590,2.7481,1.0000,35.4596,0.0149,420.0503,0.2921,132.6398,0.1043,5.0293,0.0013,1.1804,0.0020,81.0052,0.1450,6.8831,1.0000,0.3202,0.0012,0.0000,61.3381,0.8025,59.6718,0.3461,-20.1357,1.3650,133.8950,0.4362,1.6085,100.0000,99.9992,0.1519,2.1926,1.0000,12.1193,0.0843,1.6584,1.0000,60.1782,0.2738,2.2177,1.0000,4324.9775,26.8,68.5,24.0,59.8
2020-02-18,利群(新版)烟丝,023 ,3999.6120,5.4338,3995.9036,19.5385,0.7273,59.8514,0.6293,1.5103,1.0000,62.6912,0.5205,1.7234,1.0000,240.7000,4200.4797,5.1023,4742.1943,17.6995,0.1255,0.7979,0.9917,19.4161,0.0817,2.3816,1.0000,38.4711,0.2704,3.1172,1.0000,84.0020,0.1745,94.8000,55.1768,0.1974,4.7664,100.0000,0.0637,0.1365,12.0555,1.0000,0.0463,56.9000,4000.0947,2.1052,4777.5566,18.4568,0.0496,3.0716,1.0000,35.3375,0.0163,420.0100,0.2360,132.4053,0.0966,5.0386,0.0032,1.1835,0.0017,80.6849,0.3207,2.7911,1.0000,0.3199,0.0017,0.0000,62.0051,0.9846,60.0940,0.3940,-20.2500,1.5258,135.5881,0.1116,1.2300,100.0000,100.0112,0.1691,1.9495,1.0000,12.3092,0.1071,1.2162,0.9999,58.8161,0.5924,1.5845,1.0000,4319.5347,26.9,68.0,24.0,60.1
2020-02-18,利群(新版)烟丝,024 ,4000.4534,5.1285,3998.7217,19.6178,0.7334,60.1042,0.4294,2.2479,1.0000,62.9364,0.4340,2.2553,1.0000,240.8000,4199.1155,4.1732,4750.3809,17.6493,0.1113,1.0506,0.9992,19.4222,0.0713,2.7028,1.0000,38.3064,0.2523,3.5582,1.0000,83.9582,0.3784,95.1000,54.1113,0.3728,1.8880,100.0000,0.0649,0.0945,17.4161,1.0000,0.0972,58.0000,4000.0068,2.3157,4810.9917,18.4896,0.0640,2.5489,1.0000,35.3707,0.0183,420.0079,0.2314,132.3346,0.0848,5.0426,0.0023,1.1868,0.0016,81.0741,0.2699,3.6137,1.0000,0.3199,0.0009,0.0000,62.9038,0.1101,59.8157,0.3547,-20.1706,1.3073,135.5227,0.0866,1.8378,100.0000,99.9991,0.1405,2.3698,1.0000,12.1607,0.0775,1.9821,1.0000,59.7869,0.4203,1.7551,1.0000,4330.1709,26.9,68.1,24.0,59.7
2020-02-18,利群(新版)烟丝,025 ,3999.8610,5.4002,3996.6997,19.5914,0.8001,60.0154,0.5549,1.7929,1.0000,62.9289,0.3253,3.0015,1.0000,240.7000,4200.5210,4.7856,4738.5073,17.7140,0.1251,0.7625,0.9889,19.4340,0.0826,2.2830,1.0000,38.6917,0.0513,15.0094,1.0000,84.0113,0.2162,94.8000,55.7577,0.1842,4.0575,100.0000,0.0606,0.0724,22.7545,1.0000,0.0315,55.8000,3997.4674,29.1351,4802.3755,18.4708,0.0664,2.3650,1.0000,35.4000,0.0172,419.9981,0.2659,132.3033,0.0993,5.0424,0.0023,1.1896,0.0019,81.0253,0.2123,4.6716,1.0000,0.3200,0.0014,0.0000,61.5088,0.9298,59.5971,0.4531,-20.2368,1.4459,134.6218,0.2131,2.1562,100.0000,100.0018,0.1202,2.7689,1.0000,12.1544,0.1244,1.2174,0.9999,59.8428,0.3730,1.9278,1.0000,4324.2705,26.7,68.0,24.0,59.5
2020-02-18,利群(新版)烟丝,026 ,4000.3086,5.1592,3995.2725,19.5536,0.8132,60.3284,0.2808,3.1709,1.0000,63.1575,0.4757,1.9919,1.0000,240.5000,4200.4290,5.1257,4739.0903,17.6714,0.1179,0.9293,0.9973,19.4394,0.0859,2.1746,1.0000,38.7516,0.0478,15.6735,1.0000,83.9903,0.1502,94.9000,54.5713,0.4880,1.7564,100.0000,0.0427,0.0453,36.4709,1.0000,0.1247,57.6000,3999.8523,2.3210,4801.1030,18.4536,0.0589,2.5664,1.0000,35.4130,0.0161,419.9968,0.2772,132.3838,0.1061,5.0398,0.0021,1.1855,0.0022,80.8593,0.2787,3.4194,1.0000,0.3200,0.0010,0.0000,62.2948,0.3147,59.4823,0.3661,-20.2422,1.2424,133.5886,0.2491,3.2270,100.0000,100.0001,0.1305,2.5539,1.0000,12.1775,0.1020,1.5605,1.0000,60.0113,0.3331,1.9899,1.0000,4322.6704,26.8,67.9,24.1,60.2
2020-02-18,利群(新版)烟丝,027 ,3998.8965,5.6499,4005.9319,19.5050,0.7455,60.2585,0.3164,2.8881,1.0000,62.9753,0.2609,3.8007,1.0000,241.5000,4199.8436,4.7867,4732.5879,17.6295,0.1204,1.0257,0.9990,19.4572,0.0778,2.3244,1.0000,38.6002,0.0630,12.7051,1.0000,83.9774,0.1602,94.7500,55.5074,0.1685,4.9297,100.0000,0.0660,0.0641,25.6649,1.0000,0.1038,59.7000,4000.0349,2.0123,4794.9385,18.4892,0.0550,2.9649,1.0000,35.4236,0.0141,420.0039,0.2710,132.3421,0.0959,5.0408,0.0017,1.1875,0.0018,81.0589,0.1600,6.1266,1.0000,0.3199,0.0011,0.0000,63.0185,0.1376,59.3389,0.3659,-20.1888,0.9907,133.2439,0.3173,2.8955,100.0000,100.0018,0.1441,2.3098,1.0000,12.2125,0.0680,2.3906,1.0000,59.9139,0.2945,2.3611,1.0000,4319.0171,26.7,68.0,24.2,60.3
2020-02-18,利群(新版)烟丝,028 ,3999.5769,5.4700,3996.5510,19.5837,0.6451,60.1368,0.4379,2.1795,1.0000,62.9979,0.3016,3.3129,1.0000,240.7000,4199.6008,4.6399,4757.1816,17.6185,0.1519,0.8371,0.9940,19.4406,0.0889,2.0965,1.0000,38.4817,0.0872,9.6225,1.0000,84.0079,0.1818,95.1000,54.8625,0.6360,1.5002,100.0000,0.0730,0.0873,18.8209,1.0000,0.0459,58.1000,4000.1940,2.5162,4830.7979,18.4920,0.0633,2.5904,1.0000,35.4255,0.0124,420.0027,0.2274,132.3381,0.0861,5.0409,0.0017,1.1887,0.0016,81.1049,0.1414,6.8266,1.0000,0.3202,0.0010,0.0000,62.4093,0.5680,59.3120,0.3525,-20.1144,1.2207,133.0410,0.2880,3.4250,100.0000,99.9994,0.1383,2.4089,1.0000,12.2083,0.0824,1.9894,1.0000,59.9042,0.2862,2.4412,1.0000,4356.6152,26.7,68.2,24.2,59.8
2020-02-19,利群(新版)烟丝,029 ,3999.5331,5.5161,3994.9502,19.4591,0.6782,59.9716,0.5887,1.6825,1.0000,62.8417,0.2734,3.4653,1.0000,240.8000,4200.2333,5.2578,4728.4912,17.8100,0.1279,0.4954,0.9314,19.3997,0.0828,2.4179,1.0000,36.9213,0.2362,2.7118,1.0000,83.9645,0.3621,94.6000,54.8641,0.2982,3.2013,100.0000,0.0456,0.0610,27.0875,1.0000,0.0319,51.1000,3999.8880,2.3786,4800.3784,18.5774,0.0514,2.7380,1.0000,35.3972,0.0160,420.0304,0.2794,132.4094,0.1002,5.0383,0.0017,1.1846,0.0020,80.5847,0.2916,2.9548,1.0000,0.3200,0.0011,0.0000,62.5394,0.3843,59.3381,0.4545,-20.1754,1.3899,134.0585,0.8688,0.7449,100.0000,99.9968,0.1412,2.3533,1.0000,12.2025,0.1405,1.1800,0.9996,59.9159,0.3600,1.9299,1.0000,4324.0112,26.9,67.5,24.3,60.2
2020-02-19,利群(新版)烟丝,030 ,4000.7071,5.2996,3996.2324,19.5756,0.7167,60.0775,0.5199,1.8738,1.0000,62.8781,0.3852,2.4908,1.0000,240.6000,4199.6089,4.7011,4743.1084,17.7788,0.1283,0.5748,0.9577,19.4275,0.0864,2.2076,1.0000,38.0923,0.0264,36.6619,1.0000,84.0502,0.3984,94.8500,54.2491,0.5804,1.2918,100.0000,0.0763,0.1257,13.0543,1.0000,0.0128,51.0000,4000.0803,2.1291,4792.5347,18.4801,0.0492,3.2495,1.0000,35.3989,0.0143,420.0291,0.2544,132.3943,0.0927,5.0384,0.0020,1.1858,0.0016,80.9342,0.1311,7.4601,1.0000,0.3203,0.0014,0.0000,61.0739,0.9612,59.2991,0.3584,-20.1328,1.2726,133.3624,0.4166,2.1103,100.0000,100.0003,0.1345,2.4775,1.0000,12.2205,0.1075,1.4862,1.0000,59.8928,0.3510,2.0014,1.0000,4322.8540,26.8,67.3,24.3,60.0
2020-02-19,利群(新版)烟丝,031 ,3999.8643,5.2787,3997.6233,19.3415,0.7177,60.0932,0.5650,1.7148,1.0000,62.8757,0.2695,3.5565,1.0000,240.8000,4200.3524,5.0157,4741.5015,17.6535,0.1040,1.1105,0.9996,19.4375,0.0896,2.0933,1.0000,38.4604,0.1606,5.2707,1.0000,84.0106,0.2608,94.9000,55.6996,0.2172,3.5303,100.0000,0.0432,0.0476,34.7363,1.0000,0.0738,57.8000,3999.7632,2.1937,4827.8740,18.4500,0.0562,2.6694,1.0000,35.4051,0.0130,419.9832,0.2488,132.4086,0.0938,5.0371,0.0017,1.1870,0.0019,80.9844,0.1130,8.8012,1.0000,0.3202,0.0012,0.0000,61.2890,1.0737,59.2292,0.3078,-20.2013,1.2409,133.3080,0.4458,2.0127,100.0000,99.9992,0.1680,1.9822,1.0000,12.2193,0.0804,1.9938,1.0000,59.9575,0.3209,2.1216,1.0000,4352.8071,26.8,67.5,24.3,60.1
2020-02-19,利群(新版)烟丝,032 ,4000.0933,9.4182,3996.6548,19.4629,0.8278,60.2185,0.4687,1.9781,1.0000,62.9087,0.3172,3.0570,1.0000,240.3000,4200.3742,5.4571,4737.8350,17.6619,0.1242,0.9076,0.9968,19.4495,0.0733,2.5040,1.0000,38.6891,0.1438,5.3583,1.0000,83.9553,0.4530,94.8000,54.6048,0.4527,1.9180,100.0000,0.0494,0.0593,27.8212,1.0000,0.0457,55.8000,4000.3305,2.0630,4753.9697,18.5163,0.0573,2.8156,1.0000,35.3285,0.0208,420.0185,0.2466,132.2847,0.0976,5.0447,0.0026,1.1853,0.0020,81.8364,0.3178,2.2696,1.0000,0.3199,0.0009,0.0000,62.8636,0.1269,59.1511,0.3650,-20.2258,1.6257,134.9660,0.3713,0.9282,100.0000,100.0011,0.1355,2.4583,1.0000,12.1762,0.0846,1.8758,1.0000,59.9979,0.5586,1.1947,0.9998,4281.0200,26.9,68.2,23.7,60.2
2020-02-19,利群(新版)烟丝,033 ,4000.1190,5.1786,3997.2778,19.5472,0.7160,60.3990,0.2779,3.1200,1.0000,63.1028,0.3854,2.5059,1.0000,240.9000,4200.4643,4.9902,4747.7817,17.6183,0.1310,0.9710,0.9982,19.4368,0.0821,2.2858,1.0000,38.8184,0.1772,4.1045,1.0000,84.0164,0.3136,95.0500,55.7539,0.1987,3.7687,100.0000,0.0711,0.1443,11.3835,1.0000,0.0994,57.3000,3999.9172,2.5355,4873.9370,18.4865,0.1518,1.0685,0.9990,35.3651,0.0138,420.0155,0.2548,132.2830,0.0930,5.0448,0.0021,1.1871,0.0018,81.5011,0.1737,4.7964,1.0000,0.3199,0.0010,0.0000,62.9611,0.1231,59.0917,0.2894,-20.1090,1.2740,134.8309,0.0715,5.4502,100.0000,99.9976,0.1314,2.5310,1.0000,12.0980,0.0509,2.6056,1.0000,60.5109,0.3297,1.5053,1.0000,4382.5571,26.9,68.2,23.6,60.1
2020-02-19,利群(新版)烟丝,034 ,3999.8120,5.0023,3997.5049,19.4897,0.6618,60.2895,0.5078,1.7793,1.0000,62.9951,0.3649,2.7358,1.0000,240.8000,4199.9685,4.6616,4748.8564,17.5705,0.1286,1.1131,0.9996,19.4735,0.0773,2.2696,1.0000,38.7663,0.1008,7.3871,1.0000,84.0010,0.1297,95.1000,55.7755,0.6192,1.1976,100.0000,0.0595,0.1015,16.2175,1.0000,0.1294,60.7000,3999.8902,2.1662,4811.7422,18.5349,0.0598,2.5945,1.0000,35.3457,0.0129,419.9977,0.2553,132.3284,0.0967,5.0425,0.0021,1.1803,0.0017,80.7851,0.2609,3.5581,1.0000,0.3198,0.0018,0.0000,61.8996,1.0814,59.1638,0.3768,-20.2115,1.2730,134.0580,0.1553,4.1696,100.0000,100.0029,0.1319,2.5202,1.0000,12.2095,0.1066,1.5339,1.0000,60.4256,0.4087,1.2842,0.9999,4334.7358,26.8,67.8,23.6,60.3
2020-02-19,利群(新版)烟丝,035 ,4001.2148,9.5768,3998.3555,19.4154,0.6995,60.2690,0.4603,1.9777,1.0000,62.9270,0.2127,4.5862,1.0000,240.7000,4199.5645,4.6391,4743.1680,17.5327,0.1304,1.1941,0.9998,19.4591,0.0779,2.3155,1.0000,38.5920,0.0481,16.6751,1.0000,84.0017,0.1195,94.9000,55.6828,0.2007,3.8477,100.0000,0.0474,0.0451,36.5825,1.0000,0.0386,61.1000,3999.7744,2.2125,4811.4189,18.5547,0.0533,2.7827,1.0000,35.3562,0.0130,419.9969,0.2281,132.3292,0.0885,5.0421,0.0021,1.1817,0.0017,81.0484,0.1393,7.0643,1.0000,0.3202,0.0010,0.0000,62.0746,0.8145,59.0374,0.3675,-20.1159,1.4248,133.7594,0.4636,1.6111,100.0000,99.9998,0.1492,2.2338,1.0000,12.2477,0.1017,1.4824,1.0000,60.4290,0.3076,1.7024,1.0000,4334.0889,26.7,68.2,23.6,60.3
2020-02-19,利群(新版)烟丝,036 ,3999.7345,13.8666,3989.1321,19.5765,0.6070,60.4404,0.3733,2.2853,1.0000,62.9605,0.3805,2.5937,1.0000,239.0000,4199.6951,5.4512,4737.5420,17.7963,0.1304,0.5209,0.9410,19.4576,0.0989,1.8288,1.0000,38.3274,0.0895,9.9544,1.0000,83.9717,0.3202,94.9000,56.0452,0.5669,1.1494,100.0000,0.0722,0.1005,16.3482,1.0000,0.1574,50.1000,4000.0271,1.8230,4797.8384,18.5670,0.0551,2.6181,1.0000,35.3536,0.0124,420.0255,0.2291,132.3487,0.0867,5.0419,0.0022,1.1825,0.0018,81.0571,0.1728,5.6774,1.0000,0.3203,0.0010,0.0000,61.6539,0.9473,58.9741,0.3372,-20.1167,1.2746,134.0733,0.3678,1.7464,100.0000,99.9964,0.1277,2.6010,1.0000,12.2359,0.0891,1.7368,1.0000,60.6014,0.3638,1.2814,0.9999,4321.4077,26.9,67.1,23.6,60.2
2020-02-20,利群(新版)烟丝,037 ,4000.2317,4.9985,3990.3323,19.4621,0.7008,60.1753,0.4128,2.2808,1.0000,62.8807,0.4644,2.0677,1.0000,240.4000,4199.9943,5.0841,4714.8945,17.7246,0.1342,0.6841,0.9799,19.3825,0.0942,2.1857,1.0000,38.2315,0.3052,3.0242,1.0000,83.9940,0.1487,94.4500,53.9654,0.2065,3.1727,100.0000,0.0825,0.1451,11.2990,1.0000,0.1613,56.8000,3999.9318,1.8082,4769.2813,18.5482,0.0549,2.7435,1.0000,35.3478,0.0153,419.9989,0.2670,132.3633,0.0847,5.0409,0.0018,1.1804,0.0019,80.3385,0.6800,1.1462,0.9997,0.3201,0.0011,0.0000,61.0200,0.9305,58.9734,0.3896,-20.2364,1.3834,133.0849,0.0257,37.7397,100.0000,100.0009,0.1467,2.2696,1.0000,12.2533,0.0776,1.9183,1.0000,60.3782,0.3702,1.4603,1.0000,4303.3413,27.0,68.3,23.6,60.2
2020-02-20,利群(新版)烟丝,038 ,3999.8632,5.2979,3991.8301,19.4652,0.6134,60.2800,0.4131,2.1947,1.0000,62.8882,0.4296,2.2409,1.0000,240.4000,4200.5659,4.8626,4739.7095,17.6541,0.1248,0.9238,0.9972,19.4248,0.0831,2.3080,1.0000,38.1294,0.3552,2.6935,1.0000,83.8964,0.6926,94.8000,54.2921,0.7028,1.0872,100.0000,0.0358,0.0494,33.4807,1.0000,0.0061,59.9000,3999.8858,1.9566,4833.6948,18.6031,0.0583,2.2700,1.0000,35.3955,0.0173,420.0337,0.2367,132.4070,0.0921,5.0395,0.0020,1.1818,0.0017,80.7029,0.2397,3.7586,1.0000,0.3199,0.0013,0.0000,61.2429,0.7923,58.9322,0.3834,-20.1535,1.2979,133.9381,0.3659,1.8782,100.0000,100.0046,0.1340,2.4768,1.0000,12.2488,0.1389,1.0831,0.9994,60.5474,0.4255,1.1378,0.9997,4358.7900,26.9,68.5,23.5,60.1
2020-02-20,利群(新版)烟丝,039 ,4000.4790,5.2641,3991.4937,19.3145,0.6884,60.1531,0.3980,2.3843,1.0000,62.9520,0.4126,2.3850,1.0000,240.6000,4200.0585,4.6788,4735.6963,17.5405,0.1343,1.1402,0.9997,19.4202,0.0756,2.5559,1.0000,37.9028,0.0821,11.7822,1.0000,84.0167,0.2676,94.8500,54.7026,0.1772,5.0839,100.0000,0.0670,0.0895,18.3813,1.0000,0.1437,64.5000,3999.7215,2.6059,4750.1318,18.5456,0.0482,3.1450,1.0000,35.3862,0.0237,420.0327,0.2525,132.3825,0.1011,5.0413,0.0027,1.1809,0.0017,81.6047,0.2611,3.0576,1.0000,0.3204,0.0010,0.0000,61.6562,1.0673,59.2586,0.4901,-20.1564,1.5018,135.2895,0.2739,0.8647,100.0000,100.0003,0.1880,1.7722,1.0000,12.1766,0.0953,1.6666,1.0000,60.1789,0.5487,1.1063,0.9995,4287.1006,26.8,68.2,23.0,59.7
2020-02-20,利群(新版)烟丝,040 ,4000.5064,5.2847,3990.2952,19.4163,0.6836,60.2146,0.4094,2.2681,1.0000,62.9246,0.3640,2.6780,1.0000,240.2000,4199.7171,4.8958,4739.6089,17.6783,0.1168,0.9181,0.9971,19.4215,0.0739,2.6079,1.0000,38.0607,0.0757,12.9359,1.0000,83.9924,0.1309,94.9000,54.1662,2.2741,0.3175,90.8333,0.0799,0.1076,15.2398,1.0000,0.1137,56.9000,4000.0060,2.3275,4829.5659,18.5862,0.0584,2.3638,1.0000,35.4091,0.0143,419.9888,0.2551,132.3801,0.0886,5.0405,0.0024,1.1882,0.0022,81.9393,0.1630,4.2129,1.0000,0.3199,0.0011,0.0000,62.8930,0.3614,59.5445,0.2798,-20.1032,1.1882,134.7130,0.2595,1.6534,100.0000,100.0028,0.1542,2.1552,1.0000,12.1100,0.0464,2.9441,1.0000,60.4695,0.1928,2.6466,1.0000,4340.5259,26.8,67.9,23.3,60.2
2020-02-20,利群(新版)烟丝,041 ,4000.2225,5.0489,3987.7507,19.5345,0.7811,60.1798,0.3452,2.7230,1.0000,63.1266,0.5964,1.6061,1.0000,240.2000,4200.1073,4.9599,4753.9165,17.6834,0.1469,0.7183,0.9844,19.4355,0.0825,2.2798,1.0000,38.0284,0.0707,14.0053,1.0000,83.9937,0.1113,95.1500,54.6782,0.1759,5.0747,100.0000,0.0825,0.1239,13.2309,1.0000,0.0754,57.4000,4000.1591,2.5132,4790.2085,18.4984,0.0810,2.0522,1.0000,35.4184,0.0169,419.9955,0.2769,132.4178,0.1015,5.0387,0.0023,1.1899,0.0021,81.4848,0.1006,8.3340,1.0000,0.3199,0.0009,0.0000,63.2358,0.1244,59.7525,0.3042,-20.0898,1.1952,134.2500,0.1054,5.5360,100.0000,99.9792,0.1378,2.3690,1.0000,12.0953,0.0722,1.8257,1.0000,60.6376,0.2622,1.7319,1.0000,4304.9121,26.8,67.8,23.4,60.3
2020-02-20,利群(新版)烟丝,042 ,3999.6766,4.8426,3992.8010,19.2987,0.8277,60.0738,0.4792,2.0354,1.0000,62.9136,0.3573,2.7181,1.0000,240.4000,4198.9040,4.5504,4745.9780,17.5782,0.1094,1.2846,0.9999,19.4188,0.0710,2.7282,1.0000,38.2362,0.2031,4.5360,1.0000,84.0046,0.1556,95.0000,53.9545,0.4438,1.4681,100.0000,0.0753,0.1483,11.0719,1.0000,0.0847,61.7000,3999.9647,2.4417,4819.3149,18.4458,0.0588,2.5281,1.0000,35.3485,0.0134,419.9657,0.2671,132.4241,0.0944,5.0367,0.0020,1.1838,0.0021,80.4981,0.2360,3.5282,1.0000,0.3200,0.0011,0.0000,63.3658,0.2404,59.9652,0.4029,-20.1645,1.2664,134.0632,0.1625,3.9718,100.0000,99.9999,0.1238,2.6920,1.0000,12.1492,0.0919,1.6294,1.0000,59.9610,0.3611,1.8822,1.0000,4337.6523,26.8,67.4,23.5,60.4
2020-02-20,利群(新版)烟丝,043 ,4000.2407,5.4598,3993.2141,19.3085,0.8075,60.0609,0.4747,2.0637,1.0000,63.1047,0.5137,1.8789,1.0000,240.6000,4200.3347,4.4246,4755.6851,17.6307,0.1389,0.8859,0.9961,19.4246,0.0786,2.4389,1.0000,38.5599,0.2063,3.9435,1.0000,84.0070,0.1709,95.2000,55.5315,0.2075,3.9653,100.0000,0.0455,0.0670,24.6324,1.0000,0.0907,59.3000,3999.9263,2.2698,4845.5000,18.4133,0.0698,1.9740,1.0000,35.3562,0.0124,420.0011,0.2423,132.4700,0.0909,5.0348,0.0018,1.1911,0.0017,80.7103,0.2099,4.3039,1.0000,0.3203,0.0011,0.0000,61.9675,0.8114,59.6338,0.4356,-20.2547,1.5093,132.6389,0.4532,1.9409,100.0000,100.0006,0.1383,2.4085,1.0000,12.1891,0.1048,1.5553,1.0000,59.6095,0.4291,1.8570,1.0000,4376.0405,26.8,67.3,23.6,60.4
2020-02-20,利群(新版)烟丝,044 ,4000.6362,5.1294,3996.3960,19.3502,0.7018,60.0725,0.5488,1.7780,1.0000,62.8559,0.2725,3.4939,1.0000,240.5000,4200.3488,4.3753,4750.0469,17.6334,0.1184,1.0321,0.9990,19.4120,0.0758,2.5861,1.0000,38.3611,0.1935,4.5462,1.0000,83.9958,0.1152,95.0000,55.1792,0.5536,1.6983,100.0000,0.0563,0.0753,21.8768,1.0000,0.0010,58.0000,3999.9428,2.5042,4823.5752,18.3762,0.0518,2.4200,1.0000,35.3714,0.0142,419.9880,0.2183,132.4740,0.0830,5.0343,0.0019,1.1922,0.0013,80.8649,0.0869,10.9885,1.0000,0.3199,0.0010,0.0000,63.3817,0.1026,59.3462,0.4278,-20.1913,1.3371,132.2965,0.2130,3.5933,100.0000,100.0017,0.1342,2.4792,1.0000,12.2186,0.1122,1.4304,1.0000,59.6268,0.2563,3.0867,1.0000,4357.2388,26.9,68.0,23.7,60.3
2020-02-21,利群(新版)烟丝,045 ,3999.8436,5.2045,3991.2893,19.4976,0.6934,60.3193,0.3146,2.8401,1.0000,63.0721,0.3835,2.5447,1.0000,240.3000,4200.0577,4.9120,4731.1841,17.8287,0.1294,0.4412,0.9072,19.3622,0.1231,1.7274,1.0000,38.5401,0.3561,2.3024,1.0000,83.9507,1.9897,94.7000,55.9507,3.1273,0.2184,66.6667,0.0944,0.1482,11.0319,1.0000,0.0807,51.7000,3999.7809,2.4329,4774.5693,18.3659,0.0617,1.9781,1.0000,35.3578,0.0142,419.9867,0.2252,132.5282,0.0857,5.0314,0.0018,1.1911,0.0018,80.8468,0.2751,3.4493,1.0000,0.3199,0.0009,0.0000,63.2901,0.1438,59.4957,0.4091,-20.1299,1.5601,132.5012,0.5429,1.5356,100.0000,99.9977,0.1401,2.3746,1.0000,12.2071,0.1112,1.4774,1.0000,59.6400,0.4229,1.8602,1.0000,4318.0977,27.1,68.1,23.7,60.3
2020-02-21,利群(新版)烟丝,046 ,3999.9617,4.8923,3989.1733,19.3489,0.7385,60.1747,0.4681,2.0119,1.0000,63.0026,0.3125,3.1976,1.0000,240.2000,4199.5798,4.8069,4739.9780,17.6339,0.1233,0.9901,0.9985,19.3586,0.1140,1.8760,1.0000,38.2846,0.4022,2.2506,1.0000,83.9963,0.4013,94.9000,54.4471,0.4291,1.9008,100.0000,0.0798,0.1436,11.4186,1.0000,0.1060,58.2000,3999.9652,2.5371,4804.9199,18.3155,0.0602,1.7473,1.0000,35.3773,0.0242,419.9818,0.2524,132.5410,0.0882,5.0310,0.0018,1.1862,0.0022,80.7833,0.2124,4.3678,1.0000,0.3199,0.0009,0.0000,63.3119,0.1308,59.5049,0.4607,-20.1938,1.4190,132.2724,0.3685,2.0556,100.0000,99.9984,0.1460,2.2792,1.0000,12.2004,0.1083,1.5382,1.0000,59.7139,0.5270,1.4460,1.0000,4345.0132,27.1,67.3,23.7,60.2
2020-02-21,利群(新版)烟丝,047 ,4000.1068,5.0531,3984.0449,19.4679,0.7198,60.0500,0.5079,1.9362,1.0000,62.8818,0.4075,2.3573,1.0000,239.9000,4200.0301,4.6402,4727.0645,17.6085,0.1244,1.0486,0.9992,19.4221,0.0747,2.5783,1.0000,37.8989,0.0492,19.6481,1.0000,84.0154,0.2185,94.5500,54.6862,0.1810,4.9483,100.0000,0.1063,0.1789,9.1192,1.0000,0.0092,60.8000,3999.6750,2.2651,4795.8389,18.4517,0.0572,2.6320,1.0000,35.4146,0.0135,419.9895,0.2689,132.5379,0.1000,5.0314,0.0019,1.1887,0.0020,80.8934,0.1453,6.6391,1.0000,0.3199,0.0010,0.0000,63.3618,0.1153,59.5550,0.3265,-20.1919,1.3224,133.9419,0.2655,2.5842,100.0000,100.0012,0.1596,2.0863,1.0000,12.1771,0.0928,1.7138,1.0000,59.9084,0.3363,2.0728,1.0000,4330.3789,27.2,67.7,23.7,60.2
2020-02-21,利群(新版)烟丝,048 ,4000.1195,5.0422,3994.2368,19.2658,0.8063,60.0185,0.3531,2.8145,1.0000,63.0124,0.2442,4.0783,1.0000,240.5000,4200.4163,5.3310,4734.7178,17.4934,0.1335,1.2652,0.9999,19.4077,0.0803,2.4571,1.0000,37.8084,0.1335,7.0105,1.0000,83.9460,0.2382,94.7500,54.4912,0.5406,1.5360,100.0000,0.0587,0.0645,25.5499,1.0000,0.0588,67.8000,4000.0214,2.1184,4772.6509,18.6175,0.0577,2.2117,1.0000,35.4435,0.0258,419.9819,0.2414,132.3603,0.0997,5.0410,0.0025,1.1901,0.0021,81.8611,0.3174,2.2463,1.0000,0.3197,0.0010,0.0000,63.3790,0.1190,60.4151,0.4359,-19.9702,1.9979,135.2920,0.7588,0.3110,100.0000,100.0031,0.1607,2.0673,1.0000,12.2061,0.0721,2.2820,1.0000,60.0945,0.6251,1.0161,0.9988,4305.2759,27.3,67.8,23.5,60.2
2020-02-21,利群(新版)烟丝,049 ,4000.3252,4.5703,3996.1570,19.3365,0.8260,59.8786,0.5235,1.8327,1.0000,62.9111,0.2784,3.4851,1.0000,240.8000,4199.9831,3.7563,4744.8477,17.4795,0.1411,1.2292,0.9999,19.4489,0.0856,2.1453,1.0000,37.7506,0.0807,11.3651,1.0000,84.0394,0.3364,95.0000,54.6771,0.1787,4.9933,100.0000,0.0973,0.1832,8.9197,1.0000,0.1086,70.1000,4000.0902,2.1597,4827.5156,18.6788,0.0570,1.8790,1.0000,35.4694,0.0160,419.9903,0.3042,132.3494,0.1080,5.0414,0.0019,1.1927,0.0022,82.2813,0.1891,3.0297,1.0000,0.3201,0.0016,0.0000,62.6652,1.0529,60.5834,0.3753,-20.1163,1.5336,135.4573,0.2588,0.6989,100.0000,100.0022,0.1518,2.1913,1.0000,12.1968,0.0900,1.8394,1.0000,60.5206,0.3904,1.2632,0.9999,4338.6860,27.4,68.2,23.5,60.2
2020-02-21,利群(新版)烟丝,050 ,3999.7970,5.6969,3990.5374,19.2404,0.7267,59.8888,0.3637,2.6474,1.0000,63.1048,0.2774,3.4787,1.0000,240.5000,4199.9281,4.7048,4747.3013,17.4974,0.1334,1.2555,0.9999,19.4218,0.1280,1.5060,1.0000,37.6979,0.1255,7.1671,1.0000,84.0029,0.1491,95.0500,54.1773,0.9219,0.7873,100.0000,0.1191,0.2643,6.1556,1.0000,0.1095,70.4000,3999.9090,1.9865,4827.1045,18.6661,0.0637,1.7474,1.0000,35.4343,0.0185,420.0177,0.2437,132.4382,0.0944,5.0378,0.0019,1.1920,0.0018,81.7674,0.3653,2.0375,1.0000,0.3201,0.0011,0.0000,63.0571,0.6390,60.1807,0.5849,-20.3128,1.8242,134.1136,0.6010,1.0463,100.0000,100.0010,0.1773,1.8784,1.0000,12.1992,0.1193,1.3945,1.0000,60.8304,0.3276,1.1899,0.9998,4337.2578,27.5,68.0,23.6,60.3
2020-02-21,利群(新版)烟丝,051 ,4000.0453,5.0071,3998.2163,19.3127,0.7399,59.9446,0.3357,2.9240,1.0000,63.1041,0.3590,2.6891,1.0000,240.7000,4199.5928,5.6163,4747.2407,17.5136,0.1142,1.4200,1.0000,19.4814,0.1111,1.5557,1.0000,37.9536,0.1681,5.8552,1.0000,84.0147,0.2329,95.0500,55.0362,0.4941,1.9993,100.0000,0.0931,0.1507,10.8531,1.0000,0.1108,70.0000,3999.9083,2.2723,4789.0146,18.5524,0.0497,3.0026,1.0000,35.4460,0.0230,419.9610,0.2818,132.4795,0.0947,5.0341,0.0016,1.1985,0.0018,81.3150,0.1131,7.9145,1.0000,0.3203,0.0012,0.0000,62.4627,0.9121,59.7648,0.3031,-20.0841,1.5988,133.9951,0.3928,1.7013,100.0000,99.9982,0.1340,2.4824,1.0000,12.2459,0.0630,2.4029,1.0000,60.6737,0.3068,1.4410,1.0000,4310.8472,27.3,67.8,23.7,60.3
2020-02-22,利群(新版)烟丝,052 ,4001.1989,4.9386,3994.9827,19.4519,0.7580,60.3111,0.3241,2.7658,1.0000,63.0126,0.3739,2.6633,1.0000,240.6000,4199.2162,5.1235,4727.0166,17.8563,0.1113,0.4304,0.9017,19.3140,0.0695,3.2876,1.0000,38.0836,0.0921,10.5544,1.0000,84.0257,0.2251,94.5500,55.7461,0.2013,3.7331,100.0000,0.0573,0.1058,15.5753,1.0000,0.0102,45.8000,3999.7435,1.6187,4765.0039,18.5298,0.0451,3.4789,1.0000,35.4107,0.0124,420.0061,0.2531,132.4985,0.0936,5.0336,0.0017,1.1991,0.0018,81.0761,0.2775,3.5127,1.0000,0.3203,0.0010,0.0000,62.3798,0.6350,59.7594,0.3046,-20.0789,1.2482,133.9966,0.0215,31.0729,100.0000,100.0025,0.1339,2.4829,1.0000,12.1602,0.0742,2.0673,1.0000,60.1225,0.2914,2.1477,1.0000,4301.3423,27.0,67.8,23.7,60.3
2020-02-22,利群(新版)烟丝,053 ,3999.9805,5.4462,4000.6147,19.4473,0.7617,59.9782,0.3621,2.7418,1.0000,63.0410,0.2124,4.6433,1.0000,240.9000,4199.6250,5.2189,4750.9360,17.7269,0.1306,0.6969,0.9817,19.3618,0.0819,2.5960,1.0000,38.6958,0.0596,12.8897,1.0000,83.9701,0.5767,95.1000,55.0606,0.8028,1.2204,100.0000,0.0610,0.1113,14.7862,1.0000,0.0855,52.0000,3999.8789,1.9795,4806.8872,18.4900,0.0453,3.6048,1.0000,35.3754,0.0225,419.9656,0.2133,132.5106,0.0804,5.0332,0.0018,1.1980,0.0016,80.5203,0.4202,1.9991,1.0000,0.3204,0.0012,0.0000,61.7759,1.0752,59.8708,0.3766,-20.1269,1.3027,134.1186,0.1542,4.0677,100.0000,100.0008,0.1193,2.7926,1.0000,12.1688,0.0545,2.8653,1.0000,60.1372,0.4470,1.3892,1.0000,4339.0488,26.9,67.4,23.7,60.2
2020-02-22,利群(新版)烟丝,054 ,3999.1275,4.8685,3997.3359,19.4566,0.6498,59.8594,0.3584,2.6597,1.0000,63.0135,0.3237,3.0756,1.0000,240.7000,4200.2532,4.6953,4748.0488,17.7300,0.1142,0.7884,0.9910,19.4030,0.0736,2.7036,1.0000,38.8568,0.2073,3.4457,1.0000,83.9934,0.1125,95.1000,55.7654,0.1836,4.0576,100.0000,0.0809,0.1335,12.2799,1.0000,0.1464,51.9000,3999.9909,1.6567,4796.5376,18.5672,0.0450,3.2060,1.0000,35.4077,0.0130,420.0117,0.2694,132.5411,0.0947,5.0329,0.0017,1.1986,0.0019,80.8853,0.2748,3.5004,1.0000,0.3203,0.0011,0.0000,61.4796,0.9119,59.7002,0.2550,-20.0979,1.3045,134.5072,0.2346,2.1214,100.0000,99.9997,0.1249,2.6681,1.0000,12.1604,0.0526,2.9188,1.0000,60.3213,0.3928,1.4246,1.0000,4328.2827,26.9,67.2,23.8,60.1
2020-02-22,利群(新版)烟丝,055 ,4000.2188,5.5203,3996.6941,19.6880,0.6988,60.1839,0.3671,2.5572,1.0000,62.9728,0.3057,3.2413,1.0000,240.6000,4200.1427,4.9301,4744.6787,17.8343,0.1127,0.4901,0.9293,19.3858,0.0758,2.6998,1.0000,38.7207,0.1024,7.4162,1.0000,83.9855,0.1531,94.9000,56.0704,0.5291,1.2157,100.0000,0.0685,0.0733,22.4217,1.0000,0.0068,45.7000,3999.9060,1.7987,4835.7754,18.5644,0.0505,2.8779,1.0000,35.4101,0.0156,420.0332,0.3000,132.5613,0.1016,5.0324,0.0015,1.1990,0.0017,80.7337,0.2162,4.2151,1.0000,0.3202,0.0014,0.0000,61.0735,0.7881,59.6017,0.3158,-20.1417,1.4552,134.4964,0.0218,23.0147,100.0000,100.0020,0.1187,2.8017,1.0000,12.1537,0.0755,2.0027,1.0000,60.3362,0.3291,1.6854,1.0000,4362.8760,26.9,67.5,23.7,60.1
2020-02-22,利群(新版)烟丝,056 ,3999.9399,5.8417,3995.5818,19.5378,0.5918,60.2745,0.4228,2.1488,1.0000,62.9317,0.2044,4.7822,1.0000,240.4000,4200.2358,4.7011,4739.9941,17.7791,0.1313,0.5606,0.9537,19.3895,0.0729,2.7925,1.0000,38.5720,0.1736,4.6628,1.0000,83.9050,0.4238,94.8000,55.8049,0.1914,3.8220,100.0000,0.0324,0.0396,41.8207,1.0000,0.0002,50.1000,3999.7098,2.2110,4791.7993,18.5286,0.0586,2.6827,1.0000,35.3673,0.0312,419.9781,0.2719,132.3391,0.1120,5.0424,0.0030,1.1927,0.0018,81.5372,0.2022,4.0593,1.0000,0.3198,0.0009,0.0000,63.5706,0.1312,59.4890,0.3501,-20.1120,1.3599,134.5383,0.6812,0.7153,100.0000,100.0018,0.1763,1.8873,1.0000,12.1709,0.1098,1.4293,1.0000,59.8941,0.5096,1.3774,1.0000,4319.7314,27.0,67.6,23.6,60.3
2020-02-22,利群(新版)烟丝,057 ,3999.3676,13.8136,4005.3896,19.5270,0.7533,59.6433,1.8923,0.4656,0.8807,62.9033,0.3146,3.0764,1.0000,241.4000,4199.7589,4.5269,4746.0029,17.6789,0.1187,0.9019,0.9966,19.4186,0.1139,1.7013,1.0000,37.9393,0.2996,3.2705,1.0000,83.9921,0.1305,94.9500,53.7992,0.4185,1.4332,100.0000,0.0754,0.1746,9.4020,1.0000,0.0315,53.2000,3999.7586,2.4846,4816.7671,18.5626,0.0556,2.6243,1.0000,35.4248,0.0138,419.9968,0.2440,132.3442,0.1102,5.0418,0.0031,1.2007,0.0017,81.7517,0.1439,5.2078,1.0000,0.3199,0.0010,0.0000,63.6041,0.1406,59.3022,0.3150,-20.0467,1.1767,133.9272,0.3356,2.0591,100.0000,100.0012,0.1719,1.9364,1.0000,12.1666,0.0753,2.0657,1.0000,60.2896,0.2967,1.9216,1.0000,4339.3389,27.2,68.0,23.7,60.3
2020-02-22,利群(新版)烟丝,058 ,3999.9448,5.4872,3996.2598,19.4753,0.7964,60.0288,0.3245,3.0519,1.0000,63.0281,0.2964,3.3418,1.0000,240.6000,4199.7347,4.6667,4743.9814,17.6836,0.1291,0.8166,0.9929,19.4213,0.0779,2.4761,1.0000,37.9701,0.1355,7.3041,1.0000,83.9401,0.3421,95.0000,54.7689,0.1761,5.2425,100.0000,0.0652,0.0631,26.0810,1.0000,0.1269,54.8000,4000.0263,2.5003,4800.7095,18.6098,0.0594,2.1912,1.0000,35.4490,0.0154,419.9825,0.2538,132.3306,0.1090,5.0420,0.0033,1.1989,0.0021,81.8683,0.1953,3.6377,1.0000,0.3200,0.0013,0.0000,62.9559,0.6941,59.1949,0.3269,-20.2020,1.7199,133.8465,0.3332,2.1543,100.0000,100.0064,0.1860,1.7806,1.0000,12.1673,0.0565,2.7587,1.0000,60.5746,0.3293,1.4426,1.0000,4324.1792,27.0,68.4,23.7,60.4
2020-02-22,利群(新版)烟丝,059 ,4000.8837,10.0029,3992.1948,19.4639,0.6364,60.1988,0.3844,2.4292,1.0000,62.9623,0.3084,3.2021,1.0000,240.4000,4199.7219,5.2226,4750.0752,17.6189,0.1405,0.9038,0.9966,19.4426,0.0835,2.2242,1.0000,37.8001,0.0653,14.2952,1.0000,84.0049,0.1334,95.1000,54.6336,0.2043,4.2978,100.0000,0.0544,0.0550,29.9568,1.0000,0.1037,55.7000,3999.8895,2.4328,4818.4639,18.6303,0.0674,1.8297,1.0000,35.4544,0.0152,420.0283,0.2648,132.4327,0.1139,5.0369,0.0032,1.1974,0.0023,81.6209,0.2099,3.7779,1.0000,0.3197,0.0011,0.0000,63.8679,0.1477,59.1762,0.3670,-20.1898,1.5211,133.6216,0.4119,1.9248,100.0000,99.9963,0.1870,1.7756,1.0000,12.1538,0.0696,2.1717,1.0000,60.6842,0.3419,1.2830,0.9999,4334.9517,27.0,67.6,23.8,60.3
2020-02-22,利群(新版)烟丝,060 ,4000.7818,4.7550,3994.7729,19.3730,0.5923,59.8335,0.5337,1.7697,1.0000,63.0152,0.2284,4.3554,1.0000,240.5000,4200.3854,5.2616,4778.3369,17.6582,0.1427,0.7985,0.9917,19.4239,0.0908,2.1140,1.0000,37.6533,0.4952,1.7861,1.0000,83.9404,0.3067,95.5500,54.4745,0.5012,1.6457,100.0000,0.0725,0.0959,17.1184,1.0000,0.0175,55.7000,3999.8097,2.2358,4837.0005,18.5746,0.0594,2.3864,1.0000,35.4631,0.0139,420.0151,0.2679,132.4166,0.1082,5.0371,0.0028,1.1991,0.0020,81.9338,0.1428,4.8237,1.0000,0.3198,0.0010,0.0000,63.9621,0.1239,59.0450,0.4327,-20.1520,1.3432,132.6183,0.3087,2.8271,100.0000,100.0004,0.1765,1.8880,1.0000,12.1375,0.0970,1.5042,1.0000,60.6686,0.2673,1.6606,1.0000,4355.2905,27.0,67.6,23.8,60.3
2020-02-23,利群(新版)烟丝,061 ,4000.5089,12.5985,4012.3096,19.5993,0.8117,62.4263,0.4876,0.3922,0.8803,63.0624,0.4674,2.0949,1.0000,241.4000,4200.6589,5.4583,4745.3574,17.8810,0.1256,0.3157,0.8282,19.3722,0.0871,2.4017,1.0000,38.2902,0.1557,5.8021,1.0000,83.9623,0.1625,95.0500,54.8429,0.7426,1.2761,100.0000,0.0694,0.1640,10.0189,1.0000,0.1505,43.4000,3999.7519,2.7597,4801.5381,18.5333,0.0470,3.3101,1.0000,35.4350,0.0163,419.9928,0.2380,132.4601,0.0890,5.0332,0.0022,1.1996,0.0017,81.0023,0.1742,5.7350,1.0000,0.3200,0.0011,0.0000,63.5242,0.4619,59.5430,0.3472,-20.1909,1.2327,132.9096,0.6122,1.5842,100.0000,99.9996,0.1250,2.6661,1.0000,12.2326,0.0506,3.0813,1.0000,60.4832,0.3393,1.4904,1.0000,4332.4180,26.9,66.9,23.9,60.4
2020-02-23,利群(新版)烟丝,062 ,4000.5823,4.9897,4015.1931,19.5106,0.6716,60.4845,0.4117,2.0368,1.0000,62.9841,0.3492,2.8489,1.0000,241.7000,4200.0228,4.6875,4741.1489,17.8110,0.1030,0.6115,0.9667,19.3951,0.0920,2.1919,1.0000,38.3670,0.3336,2.6306,1.0000,83.9424,0.2940,94.9000,55.7874,0.4246,1.7371,100.0000,0.0481,0.0558,29.5640,1.0000,0.0812,45.7000,3999.8542,2.3016,4750.1582,18.5130,0.0545,2.9779,1.0000,35.3636,0.0127,420.0154,0.2131,132.4376,0.0843,5.0353,0.0026,1.1990,0.0017,80.3279,0.2624,2.9573,1.0000,0.3199,0.0010,0.0000,63.8553,0.0986,59.8674,0.3087,-20.1272,1.2475,134.4454,0.2567,2.0191,100.0000,100.0005,0.1209,2.7562,1.0000,12.2452,0.0870,1.7427,1.0000,60.1389,0.4086,1.5184,1.0000,4292.0215,27.0,67.1,24.0,60.3
2020-02-23,利群(新版)烟丝,063 ,4000.1135,4.6959,4001.9929,19.4719,0.7227,60.2858,0.2784,3.2498,1.0000,63.0341,0.3168,3.1211,1.0000,240.9000,4200.8349,5.0120,4745.0098,17.6728,0.1241,0.8788,0.9958,19.4301,0.0996,1.9076,1.0000,37.8698,0.5658,1.6907,1.0000,83.9881,0.1108,95.0000,55.8231,0.5550,1.3075,100.0000,0.0690,0.0933,17.6123,1.0000,0.1052,49.7000,4000.1091,2.8238,4796.4785,18.5236,0.0489,3.2503,1.0000,35.3963,0.0151,419.9881,0.2635,132.4420,0.1004,5.0349,0.0024,1.1994,0.0018,80.5591,0.1372,6.2153,1.0000,0.3199,0.0010,0.0000,63.8966,0.1088,59.7610,0.2624,-20.0300,1.4132,135.4369,0.1969,0.9531,100.0000,100.0024,0.1396,2.3823,1.0000,12.2027,0.0967,1.7138,1.0000,60.2671,0.3841,1.5041,1.0000,4332.2866,27.1,67.7,23.9,60.3
2020-02-23,利群(新版)烟丝,064 ,3998.8624,10.4982,4007.1829,19.4563,0.7534,60.1406,0.3848,2.4767,1.0000,62.9617,0.2388,4.1339,1.0000,241.1000,4198.8756,4.4731,4739.2915,17.6719,0.1166,0.9378,0.9975,19.3865,0.0744,2.7485,1.0000,38.0846,0.1734,5.6048,1.0000,84.0324,0.4000,95.0000,55.8885,0.1781,3.9528,100.0000,0.0816,0.2002,8.1891,1.0000,0.2259,48.2000,4000.0149,2.1052,4850.7876,18.5182,0.0469,3.4253,1.0000,35.4145,0.0152,419.9968,0.2817,132.4781,0.1120,5.0344,0.0025,1.2006,0.0020,80.4741,0.3001,2.7480,1.0000,0.3199,0.0010,0.0000,63.8367,0.2097,59.6095,0.3875,-20.0505,1.9915,135.1968,0.0251,10.6774,100.0000,100.0002,0.1298,2.5670,1.0000,12.1502,0.1492,1.0062,0.9986,60.3899,0.3945,1.3603,1.0000,4380.9175,27.3,68.1,23.9,60.2
2020-02-23,利群(新版)烟丝,065 ,4000.0456,13.0154,3999.1733,19.5580,0.7926,60.0729,0.3199,3.0504,1.0000,63.0167,0.2758,3.6052,1.0000,240.6000,4200.3661,4.6167,4740.2661,17.6565,0.1382,0.8287,0.9935,19.3887,0.1105,1.8445,1.0000,38.1465,0.4399,2.1622,1.0000,83.9954,0.1089,94.8500,54.1095,0.5363,1.3111,100.0000,0.0469,0.0651,25.3630,1.0000,0.0471,52.7000,3999.8750,1.9745,4788.7075,18.5989,0.0558,2.3953,1.0000,35.4675,0.0201,420.0205,0.2285,132.4612,0.0869,5.0355,0.0017,1.1989,0.0019,81.7436,0.2250,3.3422,1.0000,0.3199,0.0009,0.0000,63.7926,0.1594,59.6938,0.4569,-20.1469,1.4050,135.4308,0.1833,1.0351,100.0000,100.0093,0.2001,1.6507,1.0000,12.0763,0.0852,1.4716,1.0000,60.1241,0.4765,1.3122,1.0000,4317.1509,27.4,68.2,23.7,59.5
2020-02-23,利群(新版)烟丝,066 ,3999.8838,5.1619,3994.2009,19.3581,0.7046,60.2651,0.2982,3.0576,1.0000,63.0171,0.2491,3.9923,1.0000,240.4000,4198.6000,19.0338,4744.6182,17.5872,0.1695,0.8119,0.9926,19.3689,0.2281,0.9224,0.9972,37.7640,1.1814,0.7799,0.9873,83.9882,0.1239,94.9500,55.6261,0.1967,4.0238,100.0000,0.0734,0.1015,16.1774,1.0000,0.0607,60.0000,3999.6333,2.0876,4798.7065,18.5995,0.0526,2.5359,1.0000,35.5021,0.0221,419.9864,0.2234,132.4552,0.0830,5.0350,0.0016,1.2009,0.0018,81.8388,0.1830,3.9377,1.0000,0.3202,0.0014,0.0000,61.6434,1.0059,59.4470,0.5125,-20.2146,1.2720,133.6671,0.4209,1.8475,100.0000,100.0035,0.1449,2.2925,1.0000,12.1275,0.0879,1.6204,1.0000,60.1473,0.4003,1.5426,1.0000,4316.9932,27.4,67.7,23.9,59.9
2020-02-23,利群(新版)烟丝,067 ,4000.1603,5.1815,3988.8159,19.4038,0.6782,60.2557,0.4899,1.8672,1.0000,62.9441,0.3893,2.5206,1.0000,240.1000,4200.3024,4.9518,4749.7690,17.6531,0.1205,0.9599,0.9980,19.4184,0.0728,2.6619,1.0000,38.0096,0.1321,7.5463,1.0000,83.9846,0.1536,95.0000,53.9548,0.5642,1.1550,100.0000,0.0577,0.1269,12.9848,1.0000,0.0049,57.2000,3999.9338,2.4651,4807.8657,18.6192,0.0552,2.3003,1.0000,35.4535,0.0189,420.0203,0.2966,132.5227,0.1065,5.0310,0.0015,1.2016,0.0022,81.3611,0.2085,4.2185,1.0000,0.3199,0.0009,0.0000,63.8318,0.1961,59.2567,0.4635,-20.2455,1.7609,133.0331,0.4792,2.0636,100.0000,99.9934,0.1491,2.2214,1.0000,12.0947,0.1296,1.0152,0.9988,60.3229,0.4165,1.3422,1.0000,4321.0737,27.4,66.9,23.3,59.9
2020-02-23,利群(新版)烟丝,068 ,4000.4947,5.6933,3989.8142,19.3482,0.6837,60.0888,0.5147,1.8854,1.0000,62.9519,0.4406,2.2334,1.0000,240.3000,4199.7968,5.0358,4747.2251,17.6009,0.1203,1.1055,0.9995,19.4146,0.0855,2.2818,1.0000,37.7857,0.1375,6.7550,1.0000,84.0021,0.1927,95.0500,55.0745,0.2054,4.7477,100.0000,0.0722,0.1010,16.2554,1.0000,0.1111,60.1000,3999.8376,2.3063,4810.2070,18.6380,0.0595,2.0281,1.0000,35.4703,0.0143,419.9186,0.2988,132.4868,0.1071,5.0321,0.0015,1.2020,0.0022,81.4514,0.1700,4.9968,1.0000,0.3198,0.0017,0.0000,63.3948,0.8610,59.2106,0.3939,-20.0503,1.5175,133.1161,0.4434,2.1678,100.0000,99.9958,0.1243,2.6699,1.0000,12.1018,0.0860,1.5573,1.0000,60.4207,0.3692,1.4258,1.0000,4322.5962,27.3,67.7,24.1,60.1
2020-02-23,利群(新版)烟丝,069 ,4000.3262,5.0145,3989.6611,19.4386,0.8297,60.2374,0.5062,1.8190,1.0000,62.9028,0.3391,2.8532,1.0000,240.3000,4200.2669,5.3297,4757.9766,17.6324,0.1383,0.8862,0.9961,19.3598,0.0790,2.7019,1.0000,37.7610,0.0758,12.1355,1.0000,84.0035,0.1781,95.2500,54.8717,0.5786,1.6545,100.0000,0.0360,0.0584,28.3476,1.0000,0.0951,56.2000,3999.7662,2.1068,4824.0420,18.5933,0.0506,2.6792,1.0000,35.4511,0.0126,419.9855,0.2237,132.5380,0.0787,5.0297,0.0012,1.2021,0.0016,80.8445,0.1476,6.4240,1.0000,0.3200,0.0010,0.0000,63.4066,0.4547,59.5486,0.3339,-20.0811,1.8198,134.6667,0.5426,0.8191,100.0000,99.9940,0.1345,2.4641,1.0000,12.1589,0.0719,2.1273,1.0000,60.3688,0.4213,1.2906,0.9999,4333.3267,27.1,68.1,24.1,60.0
2020-02-24,利群(新版)烟丝,070 ,4000.3984,5.6391,3993.9426,19.4255,0.7598,61.4136,0.3753,1.4089,1.0000,62.8422,0.3988,2.3756,1.0000,240.6000,4199.5837,5.2564,4739.7017,17.7234,0.1195,0.7717,0.9897,19.2474,0.1624,1.5452,1.0000,38.4399,0.1217,7.0100,1.0000,84.0028,0.3918,94.9000,55.1500,0.2669,3.5593,100.0000,0.0793,0.1302,12.5983,1.0000,0.1118,51.5000,3999.8553,1.9711,4796.7017,18.4790,0.0517,3.0866,1.0000,35.4480,0.0145,419.9980,0.2268,132.5544,0.0791,5.0292,0.0011,1.2010,0.0013,80.5185,0.0971,8.6419,1.0000,0.3201,0.0009,0.0000,63.4752,0.4647,59.6306,0.3012,-20.0688,1.2843,133.9350,0.4387,1.5690,100.0000,99.9999,0.1414,2.3574,1.0000,12.1289,0.0639,2.2384,1.0000,60.4367,0.3569,1.4601,1.0000,4325.1646,27.2,67.0,24.0,60.0
2020-02-24,利群(新版)烟丝,071 ,4000.2802,5.4689,3993.9348,19.4953,0.7868,60.3147,0.3321,2.6950,1.0000,62.9906,0.3185,3.1297,1.0000,240.6000,4200.8040,5.0685,4737.9634,17.6718,0.1256,0.8711,0.9955,19.2505,0.1384,1.8052,1.0000,38.8042,0.4733,1.5464,1.0000,83.9634,0.2486,94.8500,54.4736,0.7375,1.1180,100.0000,0.0778,0.1386,11.8386,1.0000,0.0957,54.9000,3999.7795,1.9686,4789.3984,18.6162,0.0543,2.3576,1.0000,35.4082,0.0202,420.0069,0.2657,132.4972,0.0914,5.0337,0.0016,1.1914,0.0019,81.6565,0.2277,3.4300,1.0000,0.3200,0.0009,0.0000,63.5827,0.0971,59.5695,0.4162,-20.1360,1.5035,135.5523,0.1721,0.8673,100.0000,100.0070,0.1279,2.5887,1.0000,12.1136,0.0761,1.8125,1.0000,60.3434,0.5097,1.0833,0.9994,4314.5356,27.4,67.5,23.4,59.7
2020-02-24,利群(新版)烟丝,072 ,3998.7577,12.8141,3999.2974,19.4702,0.8016,60.2077,0.5582,1.6675,1.0000,62.8869,0.2478,3.8831,1.0000,240.9000,4200.6073,4.6728,4739.0576,17.6140,0.1306,0.9856,0.9984,19.2484,0.1701,1.4731,1.0000,39.4482,0.2838,1.8229,1.0000,84.0088,0.3586,94.8000,55.7306,0.1687,4.4829,100.0000,0.0843,0.1835,8.9284,1.0000,0.0199,57.9000,3999.9723,2.5791,4822.0820,18.5198,0.0677,2.3653,1.0000,35.4540,0.0140,419.9887,0.2739,132.5080,0.0968,5.0328,0.0011,1.1933,0.0020,81.5805,0.4257,1.8943,1.0000,0.3201,0.0012,0.0000,63.3760,0.5743,59.4887,0.3805,-20.1508,1.1641,133.6189,0.3675,2.1598,100.0000,99.9900,0.1251,2.6370,1.0000,12.0989,0.0991,1.3423,1.0000,59.5278,2.1486,0.3835,0.8247,4320.3174,27.5,67.5,23.7,60.0
2020-02-24,利群(新版)烟丝,073 ,3999.8147,37.1115,4003.0996,19.4064,0.8229,60.4912,0.2918,2.8657,1.0000,63.1609,0.5489,1.7242,1.0000,241.2000,4199.7516,4.8967,4742.4424,17.5923,0.1201,1.1314,0.9997,19.2823,0.0901,2.6563,1.0000,39.5308,0.1038,4.7201,1.0000,83.9624,0.6003,94.9500,54.1488,0.7418,0.9655,100.0000,0.0504,0.0494,33.4292,1.0000,0.1067,60.2000,4000.0527,2.0465,4819.0762,18.4550,0.0516,2.9407,1.0000,35.4304,0.0135,419.9831,0.2329,132.4858,0.0817,5.0329,0.0011,1.1957,0.0017,81.4162,0.1538,5.6011,1.0000,0.3200,0.0009,0.0000,63.9877,0.1101,59.3123,0.3497,-20.1652,1.5014,133.3098,0.4365,2.0545,100.0000,100.0038,0.1368,2.4268,1.0000,12.1153,0.0869,1.5929,1.0000,60.2150,0.3768,1.5792,1.0000,4321.4365,27.9,67.2,24.0,60.0
2020-02-24,利群(新版)烟丝,074 ,3999.0250,4.6703,3997.3525,19.4608,0.7543,60.4151,0.4076,2.1138,1.0000,62.9123,0.3038,3.1959,1.0000,240.9000,4200.0323,4.7954,4742.5776,17.6145,0.1223,1.0511,0.9992,19.2780,0.0814,2.9571,1.0000,39.8241,0.4046,0.9686,0.9982,83.9645,0.2526,94.8500,56.0539,0.1573,4.1241,100.0000,0.0741,0.1017,16.1421,1.0000,0.0016,58.5000,3999.8342,2.6333,4216.2178,18.4914,0.0525,3.1214,1.0000,35.4561,0.0126,420.0369,0.2515,132.5079,0.0864,5.0335,0.0009,1.1949,0.0021,80.7586,0.2912,3.1581,1.0000,0.3199,0.0008,0.0000,64.1290,0.1369,59.2557,0.3661,-20.2385,1.5717,133.0607,0.4018,2.4384,100.0000,100.0042,0.1088,3.0515,1.0000,12.1155,0.1177,1.1769,0.9998,60.2828,0.4126,1.3874,1.0000,3785.5264,28.0,66.6,24.2,60.0
2020-02-24,利群(新版)烟丝,075 ,3999.9953,5.2123,3995.4927,19.3982,0.7170,60.4873,0.2993,2.7984,1.0000,63.1118,0.3804,2.5308,1.0000,240.6000,4199.9145,5.1504,4749.4087,17.5252,0.1304,1.2141,0.9999,19.3173,0.1086,2.0946,1.0000,37.6077,0.0893,9.7294,1.0000,83.9928,0.1499,95.1000,55.8173,0.6211,1.1715,100.0000,0.0459,0.0681,24.2492,1.0000,0.1177,59.3000,3999.7832,2.4020,5386.4585,18.5483,0.0803,1.8746,1.0000,35.4559,0.0132,419.9869,0.2621,132.5739,0.0891,5.0297,0.0010,1.1942,0.0015,81.0616,0.1060,9.2435,1.0000,0.3203,0.0010,0.0000,62.0269,0.9857,59.2006,0.2734,-20.0284,1.2496,134.0270,0.8384,0.7845,100.0000,99.9988,0.1238,2.6894,1.0000,12.1348,0.1052,1.3775,1.0000,60.2310,0.3635,1.6221,1.0000,4839.3286,27.9,67.7,24.1,59.8
2020-02-25,利群(新版)烟丝,076 ,4001.2499,10.9783,3996.4502,19.5434,0.7785,60.5211,0.5399,1.5303,1.0000,62.8480,0.4928,1.9265,1.0000,240.9000,4200.2293,5.3853,4725.8682,17.8667,0.1327,0.3348,0.8424,19.2487,0.1013,2.4726,1.0000,37.6440,0.1327,6.6404,1.0000,83.9350,0.3837,94.6000,55.3147,0.2790,3.2079,100.0000,0.0648,0.0669,24.5814,1.0000,0.0874,42.9000,4000.0682,1.9288,4831.4453,18.6511,0.0698,1.6651,1.0000,35.4552,0.0125,419.9943,0.2408,132.5731,0.0828,5.0300,0.0009,1.1936,0.0021,80.7908,0.1828,5.0879,1.0000,0.3202,0.0011,0.0000,62.4600,0.8510,59.3558,0.4638,-20.1817,1.0728,133.6466,0.5986,1.3104,100.0000,99.9995,0.1147,2.9055,1.0000,12.1243,0.1061,1.3330,1.0000,60.1049,0.4774,1.3233,1.0000,4340.6606,27.2,68.1,24.2,60.0
2020-02-25,利群(新版)烟丝,077 ,3999.8507,4.7840,3999.6545,19.4708,0.6720,60.4642,0.4119,2.0519,1.0000,63.0258,0.3108,3.1898,1.0000,241.0000,4199.9008,4.8449,4749.3481,17.6288,0.1447,0.8549,0.9948,19.2760,0.1182,2.0414,1.0000,38.1170,0.4957,1.9385,1.0000,84.0201,0.2343,95.1000,54.4034,0.3562,2.2489,100.0000,0.0936,0.1299,12.5900,1.0000,0.1190,54.7000,4000.1188,1.7636,4834.8931,18.5665,0.0558,2.5900,1.0000,35.4500,0.0122,419.9790,0.2295,132.6040,0.0795,5.0286,0.0008,1.1952,0.0014,80.8777,0.0907,10.5731,1.0000,0.3201,0.0010,0.0000,63.2202,0.4842,59.4667,0.3634,-20.0104,1.5626,134.6347,0.6429,0.7079,100.0000,99.9982,0.1253,2.6557,1.0000,12.1450,0.1260,1.1774,0.9998,60.3285,0.3795,1.4681,1.0000,4343.4180,27.3,67.2,24.0,60.0
2020-02-25,利群(新版)烟丝,078 ,4000.1164,5.3378,4001.5923,19.3520,0.8635,59.2220,2.6736,0.2770,0.7182,63.0996,0.3724,2.5965,1.0000,240.9000,4200.1250,4.9106,4746.1670,17.6155,0.1116,1.1483,0.9997,19.2806,0.0732,3.2752,1.0000,38.6778,0.1543,5.0173,1.0000,84.0135,0.3658,94.9000,55.6859,0.1884,4.0952,100.0000,0.1074,0.1667,9.7808,1.0000,0.0246,57.5000,4000.0723,2.7737,4727.4326,18.6106,0.0532,2.4389,1.0000,35.4286,0.0136,420.0077,0.2497,132.2339,0.1089,5.0465,0.0029,1.1961,0.0024,82.5247,0.2274,2.1626,1.0000,0.3198,0.0010,0.0000,64.1204,0.1189,59.4200,0.3959,-20.1921,1.5015,134.7250,0.1035,4.1079,100.0000,100.0063,0.1860,1.7806,1.0000,11.9925,0.0729,1.3374,1.0000,60.7741,0.4727,0.8645,0.9953,4242.9063,27.6,67.1,24.0,60.0
2020-02-25,利群(新版)烟丝,079 ,3999.6263,4.8897,3997.5720,19.5008,0.8382,60.2979,0.3668,2.4559,1.0000,63.0416,0.2022,4.8774,1.0000,240.7000,4199.5000,5.2240,4748.8291,17.7676,0.1164,0.6653,0.9770,19.2767,0.0790,3.0503,1.0000,38.9437,0.1834,3.7378,1.0000,84.0710,0.5240,95.1000,54.5991,0.4746,1.8257,100.0000,0.0957,0.1938,8.4352,1.0000,0.1299,48.7000,4000.0120,2.6450,4851.3965,18.5831,0.0565,2.4584,1.0000,35.4799,0.0145,420.0441,0.2654,132.3072,0.0983,5.0426,0.0021,1.1988,0.0021,82.2614,0.1130,5.1274,1.0000,0.3204,0.0013,0.0000,62.1532,1.1741,59.3880,0.3991,-20.1401,1.1930,134.4953,0.0261,19.2511,100.0000,99.9967,0.1237,2.6867,1.0000,12.0657,0.0837,1.4560,1.0000,61.0864,0.2542,1.1981,0.9998,4358.0273,27.8,67.4,24.2,60.0
2020-02-25,利群(新版)烟丝,080 ,4001.4202,16.3710,3993.7964,19.3646,0.8475,60.1342,0.4241,2.2522,1.0000,63.0612,0.2423,4.0429,1.0000,240.4000,4199.5968,5.2859,4754.7114,17.6518,0.1188,0.9773,0.9983,19.2615,0.1117,2.2039,1.0000,39.1053,0.1779,3.5502,1.0000,84.0557,0.3648,95.1500,56.0531,0.1774,3.6591,100.0000,0.0709,0.1699,9.6707,1.0000,0.0587,55.6000,3999.9485,3.1200,4833.5049,18.5242,0.0744,2.1329,1.0000,35.4606,0.0337,420.0125,0.2898,132.3579,0.1123,5.0399,0.0030,1.1976,0.0049,81.4743,0.9268,0.9084,0.9967,0.3190,0.0030,0.0000,64.0345,0.3032,59.5874,0.7054,-20.8024,2.1614,133.3992,1.1266,0.7695,100.0000,100.0025,0.1331,2.4975,1.0000,11.9371,0.4397,0.1798,0.6638,59.1913,3.2139,0.2913,0.6486,4130.8423,27.8,67.8,24.4,60.1
2020-02-25,利群(新版)烟丝,081 ,4000.2018,5.4902,3991.9646,19.2768,0.6845,60.3634,0.2652,3.3135,1.0000,63.1235,0.3130,3.0637,1.0000,240.3000,4200.1419,5.3044,4750.6655,17.5412,0.1172,1.3051,1.0000,19.3367,0.1370,1.6133,1.0000,37.7011,0.2430,3.7051,1.0000,83.9842,0.1833,95.1000,55.9169,0.5572,1.2461,100.0000,0.0550,0.0714,23.0942,1.0000,0.0913,52.7000,3999.8316,2.6901,4837.7505,18.6059,0.0554,2.3725,1.0000,35.4245,0.0135,420.0361,0.2567,132.4438,0.0925,5.0352,0.0020,1.1943,0.0017,81.6246,0.1883,4.2041,1.0000,0.3198,0.0010,0.0000,64.1688,0.1125,59.4959,0.3318,-20.0478,1.3704,133.9018,0.4904,1.4263,100.0000,100.0027,0.1307,2.5440,1.0000,12.1507,0.1052,1.4281,1.0000,60.6614,0.4682,0.9530,0.9979,4455.3979,27.9,67.7,24.4,60.1
2020-02-25,利群(新版)烟丝,082 ,3999.6019,11.1696,3992.9402,19.4048,0.6992,60.0835,0.4017,2.4204,1.0000,63.0532,0.2480,3.9609,1.0000,240.5000,4199.6285,5.4216,4754.4805,17.6987,0.1287,0.7802,0.9904,19.2375,0.1133,2.2433,1.0000,38.2267,0.3032,3.0491,1.0000,84.0370,0.3349,95.2000,56.0193,0.5677,1.1630,100.0000,0.0795,0.1400,11.7136,1.0000,0.1161,57.0000,3999.7705,3.0412,4826.8271,18.5027,0.0501,3.3092,1.0000,35.4367,0.0128,419.9933,0.2227,132.4713,0.0864,5.0344,0.0017,1.1954,0.0014,81.8281,0.1264,5.7288,1.0000,0.3201,0.0010,0.0000,63.4554,0.3830,59.4316,0.2709,-19.9800,1.1009,133.5889,0.3894,2.0641,100.0000,99.9988,0.1406,2.3684,1.0000,12.1298,0.0599,2.3916,1.0000,60.8275,0.3731,1.0476,0.9992,4400.2134,27.8,67.5,24.4,59.7
2020-02-26,利群(新版)烟丝,083 ,3999.6835,4.8922,3987.1692,19.2779,0.6829,60.2994,0.5147,1.7489,1.0000,62.8753,0.2701,3.5489,1.0000,240.3000,4199.9415,5.3080,4735.8149,17.5764,0.1361,1.0372,0.9991,19.1752,0.1856,1.4814,1.0000,38.4441,0.6265,1.3599,1.0000,84.0310,0.3050,94.7500,54.6476,0.1966,4.4893,100.0000,0.0431,0.0479,34.5068,1.0000,0.0363,56.8000,3999.7561,2.3635,4800.8813,18.4477,0.0546,2.7334,1.0000,35.4302,0.0133,420.0326,0.2356,132.5082,0.0852,5.0334,0.0017,1.1966,0.0015,81.6938,0.1589,4.8394,1.0000,0.3199,0.0010,0.0000,64.0647,0.1162,59.3881,0.3631,-20.1633,1.4235,132.9547,0.4300,2.2907,100.0000,99.9968,0.1393,2.3844,1.0000,12.1134,0.1351,1.0200,0.9989,60.7431,0.3518,1.1908,0.9998,4378.0166,27.3,68.1,24.3,60.2
2020-02-26,利群(新版)烟丝,084 ,4000.4872,5.8203,3985.4678,19.3779,0.7530,60.1750,0.4469,2.1070,1.0000,63.0238,0.2991,3.3165,1.0000,240.1000,4200.7390,5.3731,4742.9922,17.6126,0.1202,1.0740,0.9994,19.2388,0.1471,1.7245,1.0000,38.4081,0.5086,1.6986,1.0000,84.0007,0.1512,94.9500,54.0030,0.6543,1.0204,100.0000,0.0525,0.0865,19.0705,1.0000,0.0950,54.4000,4000.2008,2.2717,4720.6812,18.6148,0.0498,2.5799,1.0000,35.4644,0.0156,419.9545,0.2895,132.1881,0.1086,5.0476,0.0020,1.1963,0.0019,81.8706,0.0855,8.3066,1.0000,0.3197,0.0011,0.0000,64.1044,0.1454,59.5331,0.5442,-20.2618,1.6744,134.5062,0.0340,14.6262,100.0000,99.9996,0.1155,2.8847,1.0000,12.1407,0.1077,1.3644,1.0000,60.2340,0.5507,1.0690,0.9993,4238.5093,27.7,67.1,24.2,59.8
2020-02-26,利群(新版)烟丝,085 ,4000.6876,5.1599,3985.1296,19.2240,0.8454,60.2181,0.2824,3.2836,1.0000,63.0772,0.3321,2.9340,1.0000,239.9000,4199.6382,5.1122,4741.6279,17.5929,0.1222,1.1108,0.9996,19.2551,0.1664,1.4923,1.0000,37.9108,0.7995,1.2136,0.9998,84.0497,0.5397,94.9500,55.3059,0.1573,5.7106,100.0000,0.0421,0.0527,31.3456,1.0000,0.1238,54.2000,4000.0594,2.2167,4849.4722,18.5710,0.0580,2.4670,1.0000,35.5187,0.0218,420.0074,0.2441,132.4780,0.1021,5.0343,0.0024,1.1970,0.0014,81.3493,0.2759,3.2031,1.0000,0.3203,0.0010,0.0000,62.7077,0.8322,59.3351,0.4622,-20.1215,1.8937,134.1235,0.5224,1.1974,100.0000,99.9981,0.1842,1.8066,1.0000,12.1638,0.0872,1.7720,1.0000,60.0426,0.5500,1.1863,0.9998,4358.0845,27.7,67.3,24.2,59.7
2020-02-26,利群(新版)烟丝,086 ,3999.7185,5.1894,3982.6838,19.1941,0.7818,60.1812,0.5174,1.8160,1.0000,63.0554,0.3626,2.7072,1.0000,239.7000,4200.1057,5.3564,4732.0591,17.4709,0.1269,1.3897,1.0000,19.2944,0.0751,3.1327,1.0000,37.4057,0.0682,11.7647,1.0000,84.0098,0.1515,94.6500,54.9665,0.8637,1.1449,100.0000,0.0247,0.0320,51.8304,1.0000,0.0093,55.7000,3999.8023,2.6635,4849.1787,18.5398,0.0509,3.0107,1.0000,35.5163,0.0138,420.0311,0.2501,132.4478,0.0954,5.0358,0.0022,1.2069,0.0014,81.5857,0.1396,5.7655,1.0000,0.3202,0.0015,0.0000,61.8511,0.9222,59.3319,0.4316,-20.1987,1.7581,134.0979,0.4381,1.4473,99.1736,99.9971,0.1417,2.3464,1.0000,12.1697,0.1433,1.0928,0.9994,60.3587,0.3379,1.6193,1.0000,4359.5767,28.0,66.6,24.2,60.0
2020-02-26,利群(新版)烟丝,087 ,4000.4333,5.3941,3994.3718,19.3096,0.6634,60.2597,0.3556,2.5690,1.0000,63.1741,0.3286,2.8666,1.0000,240.5000,4199.8130,4.9866,4751.8750,17.5606,0.1293,1.1326,0.9997,19.2645,0.0735,3.3342,1.0000,37.3823,0.1733,4.5820,1.0000,83.9976,0.2179,95.0500,55.9277,0.1765,3.9134,100.0000,0.0431,0.0767,21.5297,1.0000,0.0132,51.7000,3999.8341,1.9792,4819.7476,18.5284,0.0455,3.4577,1.0000,35.4399,0.0160,419.9992,0.2337,132.1588,0.0905,5.0487,0.0022,1.2302,0.0017,81.1093,0.1301,7.4041,1.0000,0.3200,0.0009,0.0000,64.0934,0.0970,59.6323,0.3135,-20.1032,1.5851,134.6964,0.0157,27.6930,100.0000,99.9968,0.1480,2.2449,1.0000,12.1870,0.0707,2.2973,1.0000,60.3741,0.3059,1.7714,1.0000,4298.0371,28.1,67.8,23.1,59.8
2020-02-26,利群(新版)烟丝,088 ,3999.3169,10.0194,3994.9978,19.2769,0.7422,60.0285,0.3762,2.6332,1.0000,63.1063,0.2968,3.2502,1.0000,240.5000,4200.0234,4.8713,4748.7998,17.6331,0.1112,1.0994,0.9995,19.2824,0.0820,2.9168,1.0000,37.1083,0.1766,3.9786,1.0000,83.9856,0.2394,95.1000,55.3931,0.1943,4.4731,100.0000,0.0531,0.0491,33.6110,1.0000,0.1306,49.9000,4000.1208,4.7684,4754.7520,18.5509,0.3678,0.4070,0.8219,35.4779,0.0288,420.0112,0.2353,132.4609,0.0921,5.0353,0.0026,1.2342,0.0017,81.7566,0.8588,0.8708,0.9955,0.3196,0.0023,0.0000,63.4447,0.5377,59.4963,0.7996,-20.7109,2.1150,133.6548,0.3633,2.1517,100.0000,100.0052,0.1587,2.0900,1.0000,12.0540,0.5083,0.2321,0.6550,58.3752,3.0963,0.2557,0.6576,3885.7681,28.2,67.7,22.4,62.1
2020-02-26,利群(新版)烟丝,089 ,4001.4243,12.0082,3996.1914,19.2812,0.8220,60.0989,0.3921,2.4660,1.0000,63.0806,0.3954,2.4609,1.0000,240.6000,4199.4670,4.5326,4759.0244,17.6638,0.1259,0.8905,0.9962,19.2940,0.0872,2.6999,1.0000,37.0704,0.1666,4.1425,1.0000,84.0036,0.2413,95.2500,54.5957,0.4212,2.0544,100.0000,0.0439,0.0535,30.8584,1.0000,0.0730,44.2000,4000.1169,2.6034,4798.2749,18.5693,0.0530,2.7078,1.0000,35.5159,0.0148,419.9623,0.2003,132.4946,0.0710,5.0331,0.0014,1.2309,0.0027,81.0861,0.3756,2.5861,1.0000,0.3195,0.0020,0.0000,63.7928,0.1933,59.4083,0.5847,-20.3339,1.7638,133.5977,0.5093,1.5722,100.0000,100.0003,0.1371,2.4306,1.0000,12.1936,0.2030,0.8103,0.9862,59.2740,2.1408,0.4245,0.8355,4427.6421,28.1,67.5,22.1,60.2
2020-02-27,利群(新版)烟丝,090 ,4000.1142,5.1245,3991.3965,19.3945,0.7978,60.5279,0.6711,1.2278,0.9999,62.8612,0.4974,1.9176,1.0000,240.5000,4199.8106,5.2763,4735.2212,17.6933,0.1149,0.8896,0.9962,19.0930,0.1150,2.6299,1.0000,37.7695,0.9071,1.0177,0.9987,84.0439,0.5442,94.7500,55.3173,0.5407,1.6539,100.0000,0.0867,0.1649,9.9296,1.0000,0.0481,39.9000,3999.8090,3.0096,4841.4863,18.4988,0.0480,3.4646,1.0000,35.4759,0.0136,420.0111,0.2663,132.4960,0.1094,5.0328,0.0023,1.2033,0.0018,81.0563,0.2893,3.3915,1.0000,0.3199,0.0009,0.0000,64.0151,0.1524,59.3568,0.3700,-20.1309,1.2269,132.9606,0.4900,2.0141,100.0000,100.0005,0.1623,2.0530,1.0000,12.1119,0.0828,1.6573,1.0000,60.2507,0.3311,1.7609,1.0000,4351.7876,27.3,67.3,24.1,60.1
2020-02-27,利群(新版)烟丝,091 ,4000.4982,4.9933,4000.1077,19.4694,0.7608,60.4036,0.6092,1.4207,1.0000,62.8766,0.4075,2.3532,1.0000,241.0000,4200.3480,5.4238,4740.5269,17.6651,0.1305,0.8554,0.9949,19.1924,0.1199,2.2455,1.0000,36.1932,0.2529,1.5725,1.0000,83.9351,0.5633,94.8500,55.0991,0.3256,2.9695,100.0000,0.0465,0.0567,29.1130,1.0000,0.0416,46.8000,4000.2408,2.8941,4731.4614,18.6522,0.0524,2.2109,1.0000,35.4255,0.0175,420.0239,0.2532,132.1699,0.0956,5.0493,0.0022,1.2254,0.0017,81.3380,0.0990,8.9610,1.0000,0.3200,0.0008,0.0000,63.8318,0.2230,59.6913,0.3508,-19.9818,1.2691,134.6971,0.0149,29.0928,100.0000,99.9946,0.1766,1.8774,1.0000,12.1831,0.0579,2.7831,1.0000,60.0678,0.3325,1.9371,1.0000,4183.5713,27.7,67.4,22.0,60.5
2020-02-27,利群(新版)烟丝,092 ,4000.0477,5.6162,3998.2896,19.2615,0.8209,60.4566,0.4150,2.0428,1.0000,62.9721,0.4760,2.0811,1.0000,240.8000,4199.7758,4.8136,4743.7334,17.5609,0.1407,1.0401,0.9991,19.1310,0.1323,2.1891,1.0000,36.5232,0.1349,3.7631,1.0000,83.9932,0.2111,95.0000,54.2641,0.2994,2.5209,100.0000,0.0576,0.0786,20.9730,1.0000,0.1321,50.6000,3999.9856,3.4639,4808.9971,18.6120,0.0529,2.4447,1.0000,35.4367,0.0143,420.0351,0.1935,132.1686,0.0784,5.0491,0.0022,1.2277,0.0021,81.1448,0.1933,4.9227,1.0000,0.3203,0.0010,0.0000,62.0642,0.9094,59.5620,0.3315,-20.1328,1.5655,134.6970,0.0186,23.3883,100.0000,100.0014,0.1570,2.1195,1.0000,12.1419,0.0627,2.3511,1.0000,60.5791,0.4055,1.1680,0.9998,4291.0303,27.4,67.9,21.8,60.0
2020-02-29,利群(新版)烟丝,093 ,4000.2016,4.8914,3988.4407,19.1806,0.7520,60.4245,0.4095,2.0964,1.0000,63.0757,0.2042,4.7729,1.0000,240.2000,4199.6805,5.0614,4736.8145,17.6764,0.1201,0.8980,0.9965,19.1904,0.0871,3.1000,1.0000,38.3983,0.2162,4.0120,1.0000,84.0079,0.2199,94.8500,55.3802,0.3612,2.4177,100.0000,0.0348,0.0453,36.5665,1.0000,0.1200,55.9000,3999.9808,2.0500,4725.8701,18.6392,0.0528,2.2779,1.0000,35.4661,0.0134,419.9795,0.2646,132.4577,0.0967,5.0341,0.0013,1.2272,0.0018,81.1652,0.2244,4.2113,1.0000,0.3201,0.0011,0.0000,63.0138,0.5265,59.3972,0.4632,-20.1791,1.6451,133.5362,0.1160,7.0781,100.0000,99.9980,0.1201,2.7703,1.0000,12.0691,0.1043,1.1791,0.9998,60.0752,0.3709,1.7299,1.0000,4352.1162,27.4,68.1,21.8,60.9
2020-02-29,利群(新版)烟丝,094 ,4000.5988,5.7128,3992.5222,19.1087,0.7846,60.3061,0.4403,2.0394,1.0000,63.0516,0.3976,2.4719,1.0000,240.5000,4199.8545,5.3985,4738.9028,17.5396,0.1081,1.4201,1.0000,19.1643,0.0867,3.2122,1.0000,38.5419,0.0659,12.4373,1.0000,84.0166,0.1837,94.9000,55.0764,0.7127,1.3674,100.0000,0.0521,0.0716,23.0454,1.0000,0.1287,60.2000,4000.2379,2.4145,4777.5186,18.5873,0.0549,2.5050,1.0000,35.4766,0.0141,419.9780,0.2664,132.4897,0.0912,5.0333,0.0011,1.2267,0.0018,81.4327,0.2062,4.1501,1.0000,0.3199,0.0010,0.0000,64.3029,0.1132,59.2514,0.3880,-20.1359,1.5785,133.1935,0.0276,33.9115,100.0000,100.0015,0.1149,2.8969,1.0000,12.0767,0.1205,1.0425,0.9991,60.1911,0.3208,1.8795,1.0000,4388.5405,27.5,66.8,21.9,60.5
2020-02-29,利群(新版)烟丝,095 ,3999.6335,5.2054,3987.1677,19.2502,0.7870,60.3865,0.3731,2.3352,1.0000,63.0057,0.2430,4.1081,1.0000,240.0000,4200.5357,5.0360,4747.8618,17.5875,0.1258,1.0930,0.9995,19.1917,0.0872,3.0910,1.0000,38.6605,0.1023,7.6244,1.0000,84.0021,0.1766,95.0000,55.6134,0.2001,3.9764,100.0000,0.0450,0.0721,22.9082,1.0000,0.0450,60.4000,3999.9534,2.0382,4797.7500,18.5830,0.0510,2.7260,1.0000,35.4759,0.0142,420.0042,0.2986,132.5198,0.1085,5.0324,0.0012,1.2272,0.0021,81.3922,0.2518,3.4525,1.0000,0.3203,0.0014,0.0000,61.7174,0.8679,59.3575,0.2918,-20.1189,1.2456,133.1938,0.0275,34.0582,100.0000,100.0017,0.1076,3.0939,1.0000,12.1179,0.0798,1.7454,1.0000,60.3275,0.3119,1.7876,1.0000,4389.6592,27.7,66.7,22.0,60.5
2020-02-29,利群(新版)烟丝,096 ,4000.2423,5.4538,3990.7683,19.3528,0.7663,60.1671,0.3356,2.8138,1.0000,63.0168,0.3313,3.0012,1.0000,240.6000,4198.0911,19.9734,4741.2271,17.6604,0.1345,0.8417,0.9942,19.2504,0.0697,3.5866,1.0000,38.5177,0.6731,1.2292,0.9999,83.6547,4.9969,94.8000,55.9796,0.5122,1.3148,100.0000,0.0840,0.1365,12.0078,1.0000,0.0259,54.3000,4000.0444,1.7819,4816.0640,18.6177,0.0541,2.3556,1.0000,35.4644,0.0135,419.9801,0.2680,132.5203,0.0952,5.0322,0.0011,1.2257,0.0019,80.8310,0.3154,2.9916,1.0000,0.3199,0.0010,0.0000,64.1431,0.1045,59.3859,0.3061,-20.1716,1.7511,133.1927,0.0280,33.4325,100.0000,99.9991,0.1220,2.7304,1.0000,12.1885,0.0911,1.7880,1.0000,60.2948,0.3854,1.4747,1.0000,4328.1528,27.8,66.9,23.5,60.2
2020-02-29,利群(新版)烟丝,097 ,3999.3670,5.0230,3990.7100,19.3298,0.6389,60.2762,0.6046,1.5017,1.0000,63.0339,0.2791,3.5424,1.0000,240.6000,4200.5508,5.0865,4747.9746,17.5666,0.1175,1.2294,0.9999,19.1683,0.1127,2.4598,1.0000,38.6464,0.2778,2.8243,1.0000,83.9738,0.1923,95.0000,54.6765,0.2334,3.8219,100.0000,0.0789,0.1611,10.1804,1.0000,0.0427,57.2000,3999.9902,1.9932,4832.8320,18.5377,0.0446,3.4566,1.0000,35.4714,0.0138,419.9647,0.2655,132.5371,0.0906,5.0313,0.0011,1.2311,0.0019,80.9922,0.2582,3.8629,1.0000,0.3200,0.0011,0.0000,63.6932,0.3567,59.1855,0.3914,-20.1165,2.1531,133.1938,0.0285,32.7942,100.0000,100.0000,0.1010,3.2999,1.0000,12.1543,0.0791,1.9146,1.0000,60.5081,0.4127,1.2050,0.9998,4347.6938,28.0,66.1,24.0,60.3
2020-02-29,利群(新版)烟丝,098 ,4000.2742,5.3094,3989.1116,19.2216,0.7296,60.3981,0.4713,1.8402,1.0000,63.0850,0.4482,2.1681,1.0000,240.1000,4199.9653,4.9527,4741.6543,17.5516,0.1301,1.1491,0.9997,19.1693,0.1592,1.7391,1.0000,37.9935,0.4549,2.1937,1.0000,83.9934,0.1344,94.9000,54.8388,0.4996,1.8939,100.0000,0.0405,0.0499,33.1118,1.0000,0.0706,57.6000,,,,,,,,,,,,,,,,,,,,,,,,,,,,,,,,,,,,,,,,,,,,,,,,28.1,66.5,24.7,59.9
2020-02-29,利群(新版)烟丝,099 ,4000.2527,5.1384,3984.5964,19.3506,0.7605,60.4531,0.4620,1.8378,1.0000,62.9508,0.3363,2.9246,1.0000,239.9000,4199.4374,4.4239,4746.2896,17.6207,0.1258,1.0055,0.9987,19.0645,0.1792,1.7405,1.0000,38.0395,0.5821,1.6952,1.0000,83.9637,0.2605,95.0500,54.1459,0.1495,4.7830,100.0000,0.0547,0.0836,19.7070,1.0000,0.1309,51.4000,,,,,,,,,,,,,,,,,,,,,,,,,,,,,,,,,,,,,,,,,,,,,,,,28.1,66.8,24.8,60.1
2020-02-29,利群(新版)烟丝,100 ,4000.5008,5.2036,3984.5681,19.2950,0.8252,60.5839,0.4026,2.0004,1.0000,62.9905,0.4089,2.4381,1.0000,239.8000,4199.4145,4.6766,4745.8359,17.5557,0.1140,1.2987,1.0000,19.0939,0.1072,2.8185,1.0000,37.6910,0.2515,3.5668,1.0000,84.0024,0.1644,95.0000,54.8749,0.1658,5.7810,100.0000,0.0687,0.1329,12.3717,1.0000,0.0877,54.5000,,,,,,,,,,,,,,,,,,,,,,,,,,,,,,,,,,,,,,,,,,,,,,,,28.0,65.6,24.9,59.8
2020-02-29,利群(新版)烟丝,101 ,3999.5717,4.2985,3986.3564,19.2193,0.7658,60.5352,0.4352,1.8879,1.0000,63.0074,0.3329,2.9961,1.0000,240.1000,4199.7072,4.7629,4764.1729,17.4020,0.1771,1.1257,0.9996,19.1112,0.0997,2.9703,1.0000,37.4629,0.1572,5.2225,1.0000,84.0183,0.5420,95.3500,55.5165,0.5992,1.3815,100.0000,0.0867,0.1556,10.5265,1.0000,0.0698,59.9000,,,,,,,,,,,,,,,,,,,,,,,,,,,,,,,,,,,,,,,,,,,,,,,,27.5,66.2,24.9,59.8
